TIMESTAMP,air temperature [K],Wind speed at 10 m (m/s),precipitation rain [m s^-1],Relative humidity at 5 m (%),Incoming shortwave radiation (W/m^2),SWE(m/s)_sd004,SWE(m/s)_sd01,SWE(m/s)_sd02,SWE(m/s)_sd045
1,261.3841215277778,6.292142361111111,0.0,0.2227958333333333,144.13776736111112,0.0,0.0,0.0,0.0
1,261.3603506944444,5.078059027777778,0.0,0.24980590277777778,138.71940625,0.0,0.0,0.0,0.0
1,260.2395833333333,4.850805555555556,0.0,0.445328125,121.69941666666666,1.2538564814814726e-10,3.134641203703682e-10,6.269282407407364e-10,1.4105885416666567e-09
1,260.4565868055555,6.320802083333334,0.0,0.36926423611111114,127.90092708333333,7.716041666666667e-11,1.9290104166666668e-10,3.8580208333333336e-10,8.680546875000001e-10
1,261.02434027777775,5.272229166666667,0.0,0.2603871527777778,147.8373159722222,0.0,0.0,0.0,0.0
1,260.5923645833333,3.019430555555555,0.0,0.3651309027777778,138.94471875,1.302083333333333e-10,3.2552083333333325e-10,6.510416666666665e-10,1.4648437499999998e-09
1,259.42965277777773,4.247954861111111,0.0,0.42094548611111116,136.73622916666667,0.0,0.0,0.0,0.0
1,259.1842361111111,3.697541666666667,0.0,0.40029270833333336,149.5966388888889,3.3757638888888876e-11,8.439409722222219e-11,1.6878819444444437e-10,3.797734374999999e-10
1,257.6112847222222,2.9280833333333334,0.0,0.4876885416666667,144.91158333333334,6.751550925925821e-11,1.6878877314814552e-10,3.3757754629629103e-10,7.595494791666548e-10
1,255.76743055555553,2.8440972222222225,5.787037037037037e-10,0.633982638888889,82.34810069444444,2.763309953703705e-09,6.908274884259262e-09,1.3816549768518524e-08,3.108723697916668e-08
1,253.58951388888886,3.6837743055555556,0.0,0.6935930555555556,109.65217013888889,1.5142747685185182e-09,3.785686921296295e-09,7.57137384259259e-09,1.703559114583333e-08
1,253.80857638888887,3.168090277777778,0.0,0.5436225694444445,153.25465624999998,2.507715277777775e-10,6.269288194444438e-10,1.2538576388888877e-09,2.821179687499997e-09
1,255.08027777777775,4.337243055555556,0.0,0.4617885416666666,147.70766319444445,2.5559414351851864e-09,6.3898535879629655e-09,1.2779707175925931e-08,2.8754341145833345e-08
1,256.83371527777774,4.418729166666667,0.0,0.31751562499999997,148.73484027777778,9.452159722222211e-10,2.3630399305555527e-09,4.7260798611111055e-09,1.0633679687499987e-08
1,258.18538194444443,6.355718749999999,0.0,0.32629652777777773,145.51772569444444,0.0,0.0,0.0,0.0
1,257.3772916666667,9.648277777777778,0.0,0.2404246527777778,152.6696527777778,0.0,0.0,0.0,0.0
1,256.79381944444447,5.08396875,0.0,0.30196944444444446,146.74959027777777,9.64513888888889e-12,2.4112847222222227e-11,4.8225694444444453e-11,1.0850781250000002e-10
1,257.8848263888889,6.2337847222222225,0.0,0.28230625,156.41637500000002,5.545909722222222e-10,1.3864774305555555e-09,2.772954861111111e-09,6.2391484375e-09
1,256.39437499999997,4.263611111111111,0.0,0.3882767361111111,108.77195486111111,5.662046296296294e-10,1.4155115740740733e-09,2.8310231481481467e-09,6.36980208333333e-09
1,255.39614583333332,4.906916666666667,0.0,0.43450659722222224,105.17931944444445,0.0,0.0,0.0,0.0
1,255.1975347222222,7.1825624999999995,0.0,0.3432489583333333,135.7673611111111,3.8580254629629636e-10,9.64506365740741e-10,1.929012731481482e-09,4.340278645833334e-09
1,252.0659722222222,4.748611111111112,0.0,0.36896909722222226,161.65772222222222,3.8580324074074066e-11,9.645081018518517e-11,1.9290162037037033e-10,4.3402864583333325e-10
1,253.92110763888886,3.6186979166666666,0.0,0.32374756944444444,153.82429513888889,9.162807870370369e-10,2.2907019675925924e-09,4.581403935185185e-09,1.0308158854166666e-08
1,256.0942569444444,3.147475694444444,0.0,0.3270095486111111,170.31628125,1.7843379629629624e-10,4.460844907407406e-10,8.921689814814812e-10,2.007380208333333e-09
1,258.62965625,5.800565972222222,0.0,0.20876388888888886,165.25871875,2.8452939814814833e-10,7.113234953703709e-10,1.4226469907407418e-09,3.2009557291666688e-09
1,258.63231597222216,4.346631944444445,0.0,0.26056111111111113,159.43328125,2.411273148148147e-11,6.028182870370367e-11,1.2056365740740734e-10,2.712682291666665e-10
1,261.4908923611111,6.37378125,0.0,0.3118225694444444,171.84669097222223,0.0,0.0,0.0,0.0
1,259.303,6.093624999999999,0.0,0.42315,146.80963541666665,5.063657407407407e-10,1.2659143518518518e-09,2.5318287037037036e-09,5.696614583333332e-09
1,258.8926388888889,6.0665625,0.0,0.4019802083333333,148.53298611111111,3.5108025462962966e-09,8.777006365740742e-09,1.7554012731481484e-08,3.9496528645833335e-08
1,259.5523263888889,5.420847222222223,0.0,0.4079677083333333,130.0535451388889,1.4949861111111122e-10,3.7374652777777807e-10,7.474930555555561e-10,1.6818593750000013e-09
1,259.3362673611111,4.832045138888889,0.0,0.38110625,157.68036805555556,2.700615740740739e-10,6.751539351851848e-10,1.3503078703703696e-09,3.0381927083333313e-09
2,259.72542708333333,4.984222222222222,0.0,0.4232569444444444,194.8185902777778,0.0,0.0,0.0,0.0
2,261.0110277777777,4.889215277777778,0.0,0.26251875,161.65144444444445,3.0864189814814813e-10,7.716047453703704e-10,1.5432094907407407e-09,3.4722213541666666e-09
2,261.2884131944444,5.191986111111111,0.0,0.24974756944444443,159.53316319444446,2.8935185185185213e-11,7.233796296296304e-11,1.4467592592592608e-10,3.2552083333333366e-10
2,261.6176111111111,6.102635416666667,0.0,0.271365625,167.48248263888888,2.989969907407407e-10,7.474924768518517e-10,1.4949849537037033e-09,3.3637161458333325e-09
2,262.5146041666667,4.372982638888889,0.0,0.27011701388888887,138.59618055555555,3.5686736111111124e-10,8.921684027777781e-10,1.7843368055555562e-09,4.0147578125000015e-09
2,261.6257395833333,4.742916666666667,0.0,0.33048090277777775,129.76820833333335,1.4949861111111112e-10,3.737465277777778e-10,7.474930555555556e-10,1.681859375e-09
2,258.15236458333334,4.615555555555556,0.0,0.4969135416666667,144.29244444444447,1.3503078703703706e-10,3.3757696759259266e-10,6.751539351851853e-10,1.5190963541666669e-09
2,259.7910833333333,2.7993715277777778,0.0,0.49173628472222225,159.26427083333334,2.941743055555556e-10,7.354357638888891e-10,1.4708715277777781e-09,3.3094609375000008e-09
2,261.0896840277777,4.0973749999999995,5.787037037037037e-10,0.3816364583333333,189.98891319444445,1.7505787037037036e-09,4.3764467592592595e-09,8.752893518518519e-09,1.9694010416666668e-08
2,260.70731249999994,3.4772326388888892,0.0,0.4413552083333333,149.43163194444446,3.9062499999999993e-10,9.765624999999997e-10,1.9531249999999995e-09,4.394531249999999e-09
2,261.87753124999995,4.660649305555555,0.0,0.35408090277777776,189.63311805555554,3.954474537037036e-10,9.88618634259259e-10,1.977237268518518e-09,4.4487838541666655e-09
2,257.936,4.408309027777778,0.0,0.5429291666666667,194.14403125,5.078125e-09,1.2695312500000001e-08,2.5390625000000002e-08,5.7128906250000006e-08
2,257.2919097222222,4.240881944444444,0.0,0.5305229166666667,176.94027430555556,1.0368442129629627e-09,2.5921105324074067e-09,5.1842210648148135e-09,1.166449739583333e-08
2,257.6401041666666,3.5159270833333336,5.787037037037037e-10,0.4546777777777778,191.36539583333334,5.7870370370370426e-11,1.4467592592592608e-10,2.8935185185185216e-10,6.510416666666673e-10
2,260.14797916666663,5.98146875,0.0,0.31023194444444446,192.47439583333335,0.0,0.0,0.0,0.0
2,260.9621284722222,4.776399305555556,0.0,0.37615868055555557,155.78294444444447,2.266587962962963e-10,5.666469907407408e-10,1.1332939814814816e-09,2.5499114583333335e-09
2,262.4484756944444,6.426315972222222,0.0,0.2988777777777778,184.20915277777777,0.0,0.0,0.0,0.0
2,263.4954548611111,9.108180555555556,0.0,0.19181416666666667,221.7985798611111,3.279319444444445e-10,8.198298611111112e-10,1.6396597222222225e-09,3.6892343750000007e-09
2,261.9304722222222,4.793211805555556,0.0,0.20518958333333334,201.0744201388889,5.661856481481481e-10,1.4154641203703703e-09,2.8309282407407405e-09,6.369588541666666e-09
2,262.49812499999996,5.267670138888889,0.0,0.27855138888888886,164.57861805555555,0.0,0.0,0.0,0.0
2,258.03809027777777,4.019159722222223,0.0,0.6532548611111111,135.8852777777778,3.5686712962962995e-10,8.921678240740749e-10,1.7843356481481497e-09,4.014755208333337e-09
2,257.2723958333333,4.368951388888889,5.787037037037037e-10,0.7042006944444446,180.45076041666667,2.816358333333333e-09,7.040895833333332e-09,1.4081791666666664e-08,3.1684031249999995e-08
2,257.23267361111107,4.271951388888889,5.787037037037037e-10,0.6379899305555555,169.81303819444446,1.451581712962963e-09,3.628954282407408e-09,7.257908564814816e-09,1.6330294270833334e-08
2,256.93808680555554,4.051694444444444,5.787037037037037e-10,0.6439451388888889,171.8680659722222,3.3613039351851853e-09,8.403259837962964e-09,1.6806519675925928e-08,3.7814669270833334e-08
2,256.7753472222222,4.3208368055555555,0.0,0.47256354166666664,235.5843298611111,6.317516203703706e-10,1.5793790509259266e-09,3.1587581018518533e-09,7.107205729166669e-09
2,259.18301736111107,4.024541666666666,0.0,0.314590625,243.0687708333333,0.0,0.0,0.0,0.0
2,260.43757638888883,5.574767361111111,0.0,0.3751805555555555,224.74903472222223,2.507717592592597e-10,6.269293981481492e-10,1.2538587962962985e-09,2.8211822916666718e-09
2,260.04749305555555,5.5947256944444455,5.787037037037037e-10,0.5567652777777777,217.4236111111111,0.0,0.0,0.0,0.0
2,264.9181805555555,4.931125,0.0,0.2172152777777778,249.90300694444446,2.6041666666666693e-10,6.510416666666673e-10,1.3020833333333347e-09,2.929687500000003e-09
3,259.55041666666665,5.003847222222222,0.0,0.4325763888888889,203.7323854166667,0.0,0.0,0.0,0.0
3,261.84637152777776,5.729725694444445,0.0,0.3717415625,256.7175798611111,0.0,0.0,0.0,0.0
3,263.37050347222225,5.185510416666666,0.0,0.26179895833333333,223.08506597222222,2.700615740740741e-10,6.751539351851853e-10,1.3503078703703706e-09,3.0381927083333337e-09
3,260.9857986111111,7.5276805555555555,0.0,0.42571805555555553,167.98277777777778,5.304782407407406e-10,1.3261956018518515e-09,2.652391203703703e-09,5.967880208333332e-09
3,260.35991666666666,6.607777777777778,0.0,0.5994875000000001,210.72220833333333,4.967208333333332e-10,1.241802083333333e-09,2.483604166666666e-09,5.588109374999998e-09
3,262.1080833333333,5.461305555555556,0.0,0.5258635416666667,236.72597916666666,4.7116127314814825e-09,1.1779031828703706e-08,2.3558063657407412e-08,5.3005643229166677e-08
3,261.1302986111111,4.531451388888889,0.0,0.5162179861111111,238.54159027777777,3.9020430555555556e-09,9.755107638888889e-09,1.9510215277777778e-08,4.3897984375e-08
3,260.8781736111111,4.934395833333333,0.0,0.4397256944444444,227.60144791666667,2.7868071759259246e-09,6.967017939814811e-09,1.3934035879629623e-08,3.135158072916665e-08
3,259.90719791666663,5.048378472222223,0.0,0.584159375,180.38049305555555,1.1959877314814823e-09,2.9899693287037057e-09,5.979938657407411e-09,1.3454861979166676e-08
3,259.9585381944444,4.754135416666667,0.0,0.6119690972222223,198.06545833333337,0.0,0.0,0.0,0.0
3,261.30834027777775,4.2210833333333335,5.787037037037037e-10,0.6063548611111111,215.77031597222222,3.2793217592592674e-10,8.198304398148168e-10,1.6396608796296337e-09,3.689236979166676e-09
3,260.90779166666664,4.54075,0.0,0.7122774305555556,185.6832638888889,5.1890432870370375e-09,1.2972608217592594e-08,2.5945216435185187e-08,5.8376736979166675e-08
3,260.83428125,3.711069444444444,0.0,0.6337475694444444,236.12967013888888,8.294753009259258e-09,2.0736882523148146e-08,4.147376504629629e-08,9.331597135416664e-08
3,262.9972881944444,3.703236111111111,0.0,0.6890708333333333,181.48313194444444,1.1091805555555547e-10,2.772951388888887e-10,5.545902777777774e-10,1.247828124999999e-09
3,263.7454444444444,3.6898680555555554,0.0,0.7637385416666667,169.0865173611111,4.378857870370372e-09,1.094714467592593e-08,2.189428935185186e-08,4.926215104166668e-08
3,262.4837013888889,4.165013888888889,1.3310185185185185e-08,0.7367159722222223,202.25186458333332,1.142939814814815e-09,2.8573495370370377e-09,5.714699074074075e-09,1.2858072916666669e-08
3,263.1698645833333,5.277086805555555,0.0,0.4541104166666667,297.18823958333337,2.5221837962962964e-09,6.3054594907407405e-09,1.2610918981481481e-08,2.8374567708333336e-08
3,265.9763611111111,4.266590277777778,0.0,0.46057881944444445,239.18519791666665,0.0,0.0,0.0,0.0
3,266.6139131944444,4.189902777777778,0.0,0.4453663194444445,265.3980451388889,4.0991504629629616e-10,1.0247876157407404e-09,2.049575231481481e-09,4.611544270833332e-09
3,265.0033472222222,3.470635416666666,3.4722222222222226e-09,0.7333597222222223,156.4814236111111,3.713349537037045e-10,9.283373842592612e-10,1.8566747685185223e-09,4.177518229166675e-09
3,264.55260763888884,4.2041458333333335,1.7361111111111113e-09,0.8498305555555556,180.69183333333334,7.91859560185185e-09,1.979648900462963e-08,3.959297800925926e-08,8.908420052083332e-08
3,263.19467361111106,8.181645833333334,0.0,0.7452545138888889,190.43297916666666,0.0,0.0,0.0,0.0
3,261.5731944444444,6.938059027777777,0.0,0.6990465277777778,236.30699305555555,1.5673224537037038e-09,3.918306134259259e-09,7.836612268518518e-09,1.7632377604166667e-08
3,259.6142361111111,4.308708333333334,0.0,0.6104722222222223,308.6983333333333,0.0,0.0,0.0,0.0
3,260.91907638888887,6.110555555555556,0.0,0.4241177083333333,311.26761111111114,2.980324074074074e-09,7.450810185185184e-09,1.490162037037037e-08,3.352864583333333e-08
3,265.2993472222222,4.523118055555556,0.0,0.24783993055555553,309.8443298611111,0.0,0.0,0.0,0.0
3,268.23963541666666,5.63046875,0.0,0.33635173611111113,273.08799999999997,0.0,0.0,0.0,0.0
3,266.32039930555555,4.388927083333333,1.736111111111111e-09,0.6511378472222222,244.5153472222222,1.929012268518518e-09,4.822530671296295e-09,9.64506134259259e-09,2.1701388020833326e-08
3,263.6570034722222,4.935208333333334,5.787037037037037e-10,0.8428555555555557,159.54939583333334,5.9461805555555555e-09,1.486545138888889e-08,2.973090277777778e-08,6.689453125e-08
3,264.2524618055555,3.9211527777777775,1.7361111111111113e-09,0.7280180555555555,283.1078576388889,4.147374999999994e-10,1.0368437499999986e-09,2.0736874999999972e-09,4.665796874999994e-09
3,267.48271180555554,5.829138888888888,0.0,0.39612604166666665,289.1089236111111,0.0,0.0,0.0,0.0
4,269.2731284722222,5.06863888888889,5.787037037037037e-10,0.34782430555555555,294.8043402777778,0.0,0.0,0.0,0.0
4,270.0807083333333,5.2835069444444445,0.0,0.4859107638888889,250.35887847222224,0.0,0.0,0.0,0.0
4,269.27324305555555,4.234253472222222,5.208333333333334e-09,0.6830701388888889,212.0969236111111,1.1323302546296298e-08,2.8308256365740747e-08,5.6616512731481493e-08,1.2738715364583335e-07
4,269.2931284722222,3.9046458333333334,0.0,0.6290753472222221,256.554,7.233796296296299e-10,1.8084490740740747e-09,3.6168981481481494e-09,8.138020833333337e-09
4,269.14940972222223,5.259854166666667,1.7361111111111113e-09,0.6808388888888889,195.76885069444444,1.04648912037037e-09,2.6162228009259252e-09,5.2324456018518505e-09,1.1773002604166664e-08
4,270.06500694444446,3.8724583333333333,7.523148148148148e-09,0.6305927083333334,241.78241319444447,3.935185185185185e-09,9.837962962962962e-09,1.9675925925925923e-08,4.427083333333333e-08
4,267.4373958333333,4.503333333333334,2.3148148148148148e-09,0.7391027777777777,222.22342708333332,0.0,0.0,0.0,0.0
4,268.65871874999993,3.3438020833333337,1.1574074074074074e-09,0.7203895833333334,172.65510069444446,0.0,0.0,0.0,0.0
4,268.0466666666666,2.831652777777778,4.0509259259259254e-09,0.8278642361111112,174.38912499999998,0.0,0.0,0.0,0.0
4,266.0358541666667,4.6714375,5.208333333333334e-09,0.8449395833333333,282.6621354166667,6.5007717592592586e-09,1.6251929398148147e-08,3.2503858796296295e-08,7.313368229166666e-08
4,266.0111631944444,3.898298611111111,5.787037037037037e-10,0.6631916666666666,193.08460416666665,4.258294675925926e-09,1.0645736689814815e-08,2.129147337962963e-08,4.790581510416667e-08
4,265.11815972222223,4.005399305555556,6.365740740740741e-08,0.6430708333333333,261.35609375,8.994020138888888e-09,2.248505034722222e-08,4.497010069444444e-08,1.011827265625e-07
4,267.2779722222222,6.0669305555555555,0.0,0.5691052083333333,233.22000694444444,0.0,0.0,0.0,0.0
4,267.9072638888889,5.016506944444444,5.787037037037037e-10,0.667373263888889,199.26408680555556,1.7409337962962966e-09,4.352334490740742e-09,8.704668981481484e-09,1.9585505208333337e-08
4,265.39965277777776,4.904628472222223,8.680555555555555e-09,0.8535756944444444,275.91833680555555,1.3695987500000005e-08,3.423996875000001e-08,6.847993750000003e-08,1.5407985937500005e-07
4,262.51054166666665,6.086190972222221,5.787037037037037e-10,0.736870138888889,291.2758784722222,3.901427546296291e-09,9.753568865740727e-09,1.9507137731481455e-08,4.389105989583327e-08
4,266.6493333333333,6.1590625,0.0,0.44576666666666664,349.96602083333335,0.0,0.0,0.0,0.0
4,271.4967048611111,7.244944444444444,5.787037037037037e-10,0.4315524305555556,291.4469930555556,0.0,0.0,0.0,0.0
4,265.59861111111104,5.511465277777778,0.0,0.7689833333333334,266.34788888888886,0.0,0.0,0.0,0.0
4,265.21411805555556,4.052534722222222,8.101851851851851e-09,0.6780743055555556,282.38518402777777,7.966820833333332e-09,1.9917052083333327e-08,3.9834104166666654e-08,8.962673437499998e-08
4,266.38456249999996,2.9486006944444445,5.787037037037037e-10,0.7913090277777779,251.68677083333333,0.0,0.0,0.0,0.0
4,266.3659548611111,4.813760416666667,8.680555555555557e-09,0.7269347222222222,284.0849548611111,1.2364969212962963e-08,3.0912423032407406e-08,6.182484606481481e-08,1.3910590364583334e-07
4,268.2736423611111,2.9171423611111114,2.3148148148148148e-09,0.6710697916666666,344.7925902777778,6.645447453703702e-09,1.6613618634259253e-08,3.3227237268518507e-08,7.476128385416664e-08
4,268.49478124999996,4.046402777777778,2.8935185185185185e-09,0.6691,283.1780798611111,5.449460648148126e-10,1.3623651620370314e-09,2.7247303240740628e-09,6.1306432291666415e-09
4,266.8788402777777,4.6841180555555555,2.8935185185185185e-09,0.8289427083333333,196.82827430555557,1.6155479166666686e-09,4.038869791666672e-09,8.077739583333344e-09,1.817491406250002e-08
4,266.7081979166667,3.4524756944444444,3.472222222222222e-09,0.7972878472222222,290.33297569444443,1.4067322453703698e-08,3.516830613425925e-08,7.03366122685185e-08,1.5825737760416663e-07
4,268.66823263888887,3.08646875,4.6296296296296295e-09,0.6269930555555555,319.3757361111111,8.96990740740741e-09,2.2424768518518524e-08,4.484953703703705e-08,1.0091145833333336e-07
4,269.9107638888889,3.4392256944444446,1.1574074074074074e-09,0.6196309027777778,312.53625,0.0,0.0,0.0,0.0
4,270.1495,4.3884895833333335,1.3888888888888889e-08,0.70135,268.74691666666666,2.7970678240740746e-09,6.9926695601851864e-09,1.3985339120370373e-08,3.146701302083334e-08
4,270.2163472222222,3.645868055555556,1.2152777777777778e-08,0.7734472222222222,284.0029652777778,4.412615740740737e-09,1.1031539351851843e-08,2.2063078703703685e-08,4.964192708333329e-08
5,270.1532708333333,5.7526979166666665,5.787037037037037e-10,0.7050961805555556,259.2252152777778,0.0,0.0,0.0,0.0
5,266.8874270833333,3.9708749999999995,3.4722222222222226e-09,0.7684138888888888,284.2588576388889,2.405478402777778e-08,6.013696006944445e-08,1.202739201388889e-07,2.706163203125e-07
5,270.8466284722222,5.724729166666667,0.0,0.5095965277777778,359.33419444444445,0.0,0.0,0.0,0.0
5,270.9194131944444,7.1004756944444445,0.0,0.48992395833333335,266.9881840277778,0.0,0.0,0.0,0.0
5,269.67071527777773,4.160420138888889,5.787037037037037e-10,0.6576222222222222,321.26810763888886,0.0,0.0,0.0,0.0
5,269.30075,4.470309027777778,1.7361111111111113e-08,0.8688996527777778,259.4987291666667,1.2297453703703698e-09,3.0743634259259244e-09,6.148726851851849e-09,1.383463541666666e-08
5,269.8971006944445,3.7848437500000003,5.787037037037037e-10,0.758326736111111,322.59180208333333,1.744309421296296e-08,4.36077355324074e-08,8.72154710648148e-08,1.962348098958333e-07
5,270.5281527777778,4.326756944444444,2.3148148148148148e-09,0.694859375,280.80772569444446,1.1670525462963027e-09,2.917631365740757e-09,5.835262731481514e-09,1.3129341145833407e-08
5,270.85712152777774,4.531329861111111,2.3148148148148148e-09,0.6524107638888889,336.0143194444444,0.0,0.0,0.0,0.0
5,273.23159722222215,4.7053159722222215,2.8935185185185185e-09,0.6013788194444445,260.8199965277778,0.0,0.0,0.0,0.0
5,272.8492465277777,6.236527777777778,0.0,0.5639541666666668,339.6260763888889,1.2249226851851917e-09,3.062306712962979e-09,6.124613425925958e-09,1.3780380208333407e-08
5,272.11073263888886,3.5183645833333337,0.0,0.6397163194444444,349.1063819444445,0.0,0.0,0.0,0.0
5,268.8696597222222,6.722979166666667,5.787037037037037e-10,0.8166739583333333,144.67882291666666,4.484953703703706e-10,1.1212384259259264e-09,2.2424768518518528e-09,5.045572916666669e-09
5,266.72994097222215,6.683010416666667,0.0,0.6548722222222223,355.5302013888888,2.1653164351851835e-09,5.413291087962959e-09,1.0826582175925918e-08,2.4359809895833318e-08
5,269.16919097222217,4.681531250000001,5.787037037037037e-10,0.6348489583333334,304.93758333333335,0.0,0.0,0.0,0.0
5,271.5489826388889,3.704326388888889,5.787037037037037e-10,0.6903954861111111,290.53403125,8.294752314814814e-10,2.0736880787037036e-09,4.147376157407407e-09,9.331596354166666e-09
5,272.36772916666666,3.253993055555555,8.101851851851853e-09,0.6723961805555555,281.02281597222225,0.0,0.0,0.0,0.0
5,274.1054826388888,3.200850694444444,0.0,0.5570631944444444,277.4838888888889,1.9772375e-09,4.94309375e-09,9.8861875e-09,2.2243921875000002e-08
5,275.42438541666667,4.78396875,1.1574074074074074e-09,0.5661222222222222,322.2086388888889,0.0,0.0,0.0,0.0
5,273.22141666666664,4.947097222222222,3.0092592592592594e-08,0.7194440972222222,209.8207326388889,2.0736875000000048e-10,5.184218750000012e-10,1.0368437500000023e-09,2.3328984375000056e-09
5,270.38429861111103,3.688458333333333,9.259259259259259e-09,0.9290642361111111,217.66019444444444,2.7840470601851853e-08,6.960117650462964e-08,1.3920235300925928e-07,3.1320529427083334e-07
5,268.47811805555557,4.161333333333333,4.050925925925926e-09,0.9182510416666667,235.71137847222224,9.510030787037038e-09,2.3775076967592596e-08,4.755015393518519e-08,1.0698784635416669e-07
5,269.19180555555556,3.4531770833333333,9.837962962962963e-09,0.8505128472222222,334.18684375,1.0638503240740742e-08,2.6596258101851856e-08,5.319251620370371e-08,1.1968316145833334e-07
5,270.03914930555555,4.6505069444444445,0.0,0.8206315972222222,295.49944444444446,2.6909722222222214e-09,6.727430555555554e-09,1.3454861111111108e-08,3.027343749999999e-08
5,268.65392361111105,2.7110416666666666,2.3148148148148148e-09,0.7988062499999999,296.0369409722222,0.0,0.0,0.0,0.0
5,271.86365277777776,2.99934375,0.0,0.6332899305555555,316.48418055555555,4.050925925925926e-09,1.0127314814814816e-08,2.0254629629629632e-08,4.557291666666667e-08
5,274.32349999999997,3.2982291666666663,9.837962962962963e-09,0.5913059027777778,318.84423263888885,0.0,0.0,0.0,0.0
5,275.3353159722222,3.922878472222223,4.6296296296296295e-09,0.5069145833333333,270.01095486111114,0.0,0.0,0.0,0.0
5,275.16146875,4.716489583333333,1.1574074074074074e-09,0.6012295138888888,304.62829166666666,1.2972608796296294e-09,3.2431521990740732e-09,6.4863043981481465e-09,1.459418489583333e-08
5,273.75677083333335,4.444336805555555,5.671296296296296e-08,0.7095607638888889,250.40080902777777,6.360918055555555e-09,1.590229513888889e-08,3.180459027777778e-08,7.1560328125e-08
5,272.97309027777777,5.141586805555556,2.488425925925926e-08,0.8852288194444444,193.55538194444443,4.658564814814815e-09,1.1646412037037036e-08,2.3292824074074072e-08,5.2408854166666666e-08
6,274.04378124999994,3.570923611111111,4.224537037037037e-08,0.8032569444444444,194.7627013888889,2.8549384259259265e-09,7.137346064814816e-09,1.4274692129629633e-08,3.2118057291666675e-08
6,272.78813541666665,4.762329861111112,9.837962962962962e-09,0.72789375,217.45198611111113,5.608603240740742e-09,1.4021508101851856e-08,2.804301620370371e-08,6.309678645833334e-08
6,272.6513923611111,3.953722222222223,4.224537037037037e-08,0.7548263888888889,286.0643680555556,5.960648148148148e-09,1.490162037037037e-08,2.980324074074074e-08,6.705729166666666e-08
6,272.78080555555556,6.338197916666667,8.680555555555557e-09,0.7765666666666666,331.7319826388889,1.4510995370370371e-08,3.627748842592593e-08,7.255497685185186e-08,1.6324869791666667e-07
6,273.73140277777776,5.541190972222222,5.787037037037038e-09,0.7053041666666666,303.24821875,7.54726087962963e-09,1.8868152199074077e-08,3.7736304398148153e-08,8.490668489583335e-08
6,272.60830902777775,3.808684027777778,3.645833333333333e-08,0.795584375,315.2675173611111,5.478394907407407e-09,1.3695987268518518e-08,2.7391974537037037e-08,6.163194270833332e-08
6,273.8472777777778,3.8126979166666666,6.655092592592592e-08,0.7699854166666666,278.6353090277778,2.203896759259261e-09,5.5097418981481525e-09,1.1019483796296305e-08,2.4793838541666686e-08
6,274.49150347222223,4.211527777777778,1.4467592592592593e-08,0.7438121527777777,296.0627673611111,0.0,0.0,0.0,0.0
6,273.7128298611111,4.722350694444445,2.8356481481481483e-08,0.7214343750000001,326.70992708333335,5.652006018518519e-09,1.41300150462963e-08,2.82600300925926e-08,6.358506770833334e-08
6,274.3363194444444,3.9338958333333336,4.0509259259259254e-09,0.65790625,294.95348958333335,6.992668981481479e-10,1.7481672453703697e-09,3.4963344907407394e-09,7.866752604166663e-09
6,274.1511284722222,3.7954583333333334,1.2152777777777778e-08,0.7758927083333333,270.57171875,2.7343750000000007e-09,6.8359375000000016e-09,1.3671875000000003e-08,3.0761718750000007e-08
6,276.30443749999995,4.05871875,5.787037037037037e-10,0.6513121527777777,318.19801041666665,0.0,0.0,0.0,0.0
6,275.6042083333333,4.699479166666666,1.7361111111111113e-09,0.7337239583333333,236.85127083333333,0.0,0.0,0.0,0.0
6,274.30728124999996,6.190163194444445,1.0995370370370371e-08,0.7698420138888888,277.99502083333334,0.0,0.0,0.0,0.0
6,275.20662152777777,4.7949375,0.0,0.5926065972222222,370.99540277777777,0.0,0.0,0.0,0.0
6,278.9025590277778,4.583579861111112,2.8935185185185185e-09,0.5166180555555555,383.44600347222223,0.0,0.0,0.0,0.0
6,278.9149444444444,3.929545138888889,3.4722222222222226e-09,0.48319548611111107,260.0092256944444,0.0,0.0,0.0,0.0
6,276.9255763888889,4.045652777777778,1.6782407407407408e-08,0.7282069444444446,222.35697569444443,2.2183657407407406e-10,5.545914351851852e-10,1.1091828703703704e-09,2.495661458333333e-09
6,277.28372569444446,3.822510416666667,5.092592592592593e-08,0.7175163194444444,275.8835277777778,1.0127314814814816e-10,2.531828703703704e-10,5.063657407407408e-10,1.1393229166666668e-09
6,275.62044097222224,3.8234930555555553,6.539351851851852e-08,0.8422406250000001,205.370875,9.8861875e-10,2.471546875e-09,4.94309375e-09,1.1121960937500001e-08
6,275.50888888888886,4.2309375,1.2152777777777778e-08,0.7954291666666666,354.8907361111111,2.6041666666666667e-10,6.510416666666667e-10,1.3020833333333334e-09,2.9296875e-09
6,276.2687604166666,4.214607638888889,4.050925925925926e-08,0.7426875,290.2846736111111,1.832560185185185e-10,4.581400462962962e-10,9.162800925925924e-10,2.061630208333333e-09
6,275.8842708333333,4.158920138888889,4.6296296296296295e-08,0.7982878472222222,312.7824444444444,1.1043594907407403e-09,2.760898726851851e-09,5.521797453703702e-09,1.242404427083333e-08
6,276.0474513888889,3.537958333333333,1.736111111111111e-08,0.7525173611111111,189.06180902777777,0.0,0.0,0.0,0.0
6,275.61702430555556,4.830190972222223,7.63888888888889e-08,0.8717159722222223,182.25314236111112,1.8229087962962962e-09,4.55727199074074e-09,9.11454398148148e-09,2.050772395833333e-08
6,276.07112152777773,4.440430555555556,8.101851851851851e-09,0.8289229166666666,289.92080555555555,4.3410416666666663e-11,1.0852604166666666e-10,2.1705208333333332e-10,4.883671875e-10
6,276.83841666666666,4.65459375,2.8935185185185185e-09,0.7370114583333334,309.79499305555555,0.0,0.0,0.0,0.0
6,276.78364583333337,3.662076388888889,3.298611111111111e-08,0.6832611111111111,240.83848263888888,8.101851851851853e-10,2.025462962962963e-09,4.050925925925926e-09,9.114583333333334e-09
6,278.2934409722222,3.4583229166666665,2.3148148148148148e-09,0.6232913194444445,260.78903125,6.655092592592591e-10,1.6637731481481477e-09,3.3275462962962953e-09,7.486979166666664e-09
6,278.2436597222222,3.2335208333333334,2.8935185185185185e-09,0.6220572916666667,301.2642777777778,6.221064814814816e-10,1.5552662037037039e-09,3.1105324074074077e-09,6.998697916666668e-09
7,278.1150868055555,2.9898437500000004,3.877314814814815e-08,0.7143628472222222,240.0805763888889,9.645062499999999e-10,2.411265624999999e-09,4.822531249999998e-09,1.0850695312499999e-08
7,277.1956284722222,4.446114583333333,1.244212962962963e-07,0.7324319444444444,144.14237847222222,2.0881557870370374e-09,5.220389467592594e-09,1.0440778935185187e-08,2.349175260416667e-08
7,278.16645138888885,3.9974340277777776,4.918981481481482e-08,0.6704256944444444,285.79868055555556,9.837962962962958e-10,2.4594907407407396e-09,4.918981481481479e-09,1.1067708333333329e-08
7,279.9739409722222,3.3431284722222223,9.201388888888889e-08,0.6233479166666667,286.8376979166667,0.0,0.0,0.0,0.0
7,279.81249652777774,3.804670138888889,3.4722222222222227e-08,0.6914500000000001,304.02496180555556,7.330247685185185e-10,1.8325619212962962e-09,3.6651238425925925e-09,8.246528645833333e-09
7,281.1098020833333,4.297809027777777,1.1284722222222222e-07,0.679004861111111,324.80317708333337,0.0,0.0,0.0,0.0
7,280.47571875,5.0125,3.472222222222222e-09,0.6964694444444444,222.20701736111113,2.0302854166666663e-09,5.075713541666666e-09,1.0151427083333331e-08,2.2840710937499996e-08
7,278.6237777777777,4.284961805555556,5.324074074074074e-08,0.8386663194444445,154.22961805555556,3.4866898148148147e-09,8.716724537037036e-09,1.7433449074074072e-08,3.922526041666666e-08
7,279.8315416666667,3.6810972222222222,1.3136574074074074e-07,0.7415357638888889,198.7527465277778,1.4901620370370375e-09,3.725405092592594e-09,7.450810185185188e-09,1.6764322916666673e-08
7,278.4452569444444,4.715923611111111,1.4699074074074072e-07,0.7862767361111112,220.38767708333333,0.0,0.0,0.0,0.0
7,278.4162118055555,4.695572916666666,3.1828703703703704e-08,0.7283277777777778,251.60829861111114,9.211034722222219e-10,2.3027586805555547e-09,4.605517361111109e-09,1.0362414062499995e-08
7,280.40996527777776,3.7148923611111115,4.1087962962962963e-08,0.6547732638888889,290.57614930555553,0.0,0.0,0.0,0.0
7,279.38889236111106,4.402201388888889,1.3310185185185186e-08,0.6296291666666667,273.9941284722222,2.8452939814814807e-10,7.113234953703702e-10,1.4226469907407403e-09,3.200955729166666e-09
7,279.5245069444444,3.6429444444444443,1.8518518518518518e-08,0.6214770833333334,322.16298611111114,1.4371141203703703e-09,3.592785300925926e-09,7.185570601851852e-09,1.6167533854166668e-08
7,280.75988194444443,3.6820972222222217,0.0,0.6156663194444445,303.203625,3.3757638888888824e-11,8.439409722222206e-11,1.6878819444444411e-10,3.7977343749999926e-10
7,281.6296909722222,3.17040625,0.0,0.6091027777777778,355.73373263888885,2.845293981481483e-10,7.113234953703707e-10,1.4226469907407414e-09,3.2009557291666683e-09
7,280.51723611111106,4.342319444444445,6.886574074074074e-08,0.7181791666666666,235.3314513888889,8.853960648148147e-10,2.2134901620370368e-09,4.4269803240740735e-09,9.960705729166666e-09
7,280.0112013888889,5.624114583333333,3.06712962962963e-08,0.7250395833333333,294.77709375,0.0,0.0,0.0,0.0
7,281.7665451388889,4.976934027777778,5.0347222222222216e-08,0.7055319444444444,347.8234826388889,0.0,0.0,0.0,0.0
7,281.78894791666664,4.640614583333333,3.4722222222222226e-09,0.7725184027777778,259.4940555555556,1.7843356481481466e-10,4.4608391203703666e-10,8.921678240740733e-10,2.007377604166665e-09
7,280.0677534722222,5.276399305555556,1.1921296296296295e-07,0.8831270833333333,140.29712847222223,1.3406636574074073e-09,3.3516591435185185e-09,6.703318287037037e-09,1.508246614583333e-08
7,280.0942256944444,4.129704861111112,1.226851851851852e-07,0.8387309027777776,262.0639826388889,2.8260030092592597e-09,7.065007523148149e-09,1.4130015046296298e-08,3.179253385416667e-08
7,277.90526388888884,4.494541666666667,1.3194444444444444e-07,0.9039510416666666,97.24708680555555,2.811535648148148e-09,7.02883912037037e-09,1.405767824074074e-08,3.162977604166666e-08
7,277.53859027777776,3.579635416666667,2.9513888888888888e-08,0.8833600694444445,184.99544444444444,0.0,0.0,0.0,0.0
7,278.92270486111113,4.2308055555555555,6.365740740740741e-08,0.8325486111111111,263.0280173611111,9.355710648148147e-10,2.3389276620370367e-09,4.6778553240740734e-09,1.0525174479166666e-08
7,276.5046493055555,5.383163194444444,5.7291666666666665e-08,0.8190163194444444,162.31719791666666,1.0609560185185186e-10,2.6523900462962964e-10,5.304780092592593e-10,1.1935755208333334e-09
7,277.9188611111111,5.1940486111111115,9.259259259259259e-09,0.761323611111111,233.39778819444444,0.0,0.0,0.0,0.0
7,279.5544270833333,5.355635416666667,1.909722222222222e-08,0.634884375,318.67015972222225,2.5077159722222225e-09,6.269289930555557e-09,1.2538579861111113e-08,2.8211804687500004e-08
7,281.2090173611111,4.525173611111111,0.0,0.5568274305555555,362.6567708333333,1.5094523148148148e-09,3.773630787037037e-09,7.547261574074074e-09,1.6981338541666668e-08
7,282.8077222222222,3.237760416666667,0.0,0.5251159722222222,340.27158680555556,0.0,0.0,0.0,0.0
7,281.9981458333333,3.3282569444444445,1.0358796296296295e-07,0.6410034722222222,248.90013888888888,1.350310185185185e-10,3.3757754629629625e-10,6.751550925925925e-10,1.5190989583333332e-09
8,279.6487256944444,4.394336805555556,1.9097222222222224e-08,0.7217760416666666,249.08331597222224,1.5383872685185193e-09,3.845968171296298e-09,7.691936342592597e-09,1.7306856770833342e-08
8,280.35830208333334,3.845173611111111,2.0833333333333335e-08,0.7033749999999999,312.1671944444445,1.2538587962962964e-10,3.134646990740741e-10,6.269293981481482e-10,1.4105911458333334e-09
8,279.64993055555556,4.374940972222222,4.9768518518518523e-08,0.8011559027777777,240.3488854166667,0.0,0.0,0.0,0.0
8,279.8944236111111,4.0462187499999995,4.050925925925926e-09,0.8072461805555556,278.24920486111114,6.269282407407403e-11,1.5673206018518507e-10,3.1346412037037014e-10,7.052942708333328e-10
8,281.7391666666666,3.3995625,5.787037037037037e-10,0.7250555555555556,340.545125,5.449458333333337e-10,1.3623645833333341e-09,2.7247291666666683e-09,6.130640625000004e-09
8,280.4957430555555,3.527430555555555,8.391203703703704e-08,0.7492833333333333,201.9860798611111,1.929011574074075e-10,4.822528935185187e-10,9.645057870370375e-10,2.1701380208333344e-09
8,280.5951979166666,5.2322187499999995,4.6296296296296295e-09,0.6972145833333334,347.19265277777777,4.755015277777778e-09,1.1887538194444445e-08,2.377507638888889e-08,5.3493921875000004e-08
8,280.7114444444444,5.043899305555556,5.787037037037037e-10,0.6620236111111111,305.21295833333335,3.153935416666666e-09,7.884838541666665e-09,1.576967708333333e-08,3.548177343749999e-08
8,281.19568402777776,4.2016631944444445,0.0,0.6219180555555555,312.3615659722222,0.0,0.0,0.0,0.0
8,278.2116875,3.53821875,7.92824074074074e-08,0.8474673611111112,155.00945833333333,1.6396620370370324e-10,4.0991550925925813e-10,8.198310185185163e-10,1.8446197916666615e-09
8,277.48743055555553,4.369440972222222,1.875e-07,0.8915690972222221,144.69474305555556,0.0,0.0,0.0,0.0
8,278.24480555555556,3.1575972222222224,4.9768518518518523e-08,0.8514416666666667,214.53854166666665,1.6396620370370324e-10,4.0991550925925813e-10,8.198310185185163e-10,1.8446197916666615e-09
8,279.8279895833333,2.7669270833333335,3.7037037037037036e-08,0.7914375,229.34178819444446,5.7870370370370426e-11,1.4467592592592608e-10,2.8935185185185216e-10,6.510416666666673e-10
8,279.06129166666665,4.329833333333333,1.1284722222222222e-07,0.8413527777777777,158.13343402777778,8.150076388888888e-10,2.037519097222222e-09,4.075038194444444e-09,9.1688359375e-09
8,281.23598611111106,2.81940625,1.5625000000000003e-08,0.769120138888889,287.46531597222224,3.665122685185183e-10,9.162806712962958e-10,1.8325613425925916e-09,4.1232630208333314e-09
8,282.44744444444444,4.256545138888889,2.141203703703704e-08,0.8152822916666667,272.14518055555556,5.690585648148149e-10,1.422646412037037e-09,2.845292824074074e-09,6.4019088541666675e-09
8,281.78287152777773,4.413024305555555,1.7361111111111113e-08,0.9068315972222223,164.43993749999998,1.7843356481481407e-10,4.460839120370352e-10,8.921678240740704e-10,2.0073776041666583e-09
8,280.3780520833333,3.7759722222222223,1.7129629629629632e-07,0.9058642361111111,184.31166666666667,0.0,0.0,0.0,0.0
8,279.11275,3.7128645833333334,1.3541666666666666e-07,0.9392173611111111,80.62921875,0.0,0.0,0.0,0.0
8,280.18302777777774,4.2793680555555556,2.5462962962962964e-08,0.8801125,269.3108159722222,9.69328472222222e-10,2.423321180555555e-09,4.84664236111111e-09,1.0904945312499998e-08
8,279.19526736111106,4.54765625,1.9502314814814817e-07,0.9235954861111111,127.88418402777778,5.304784722222224e-10,1.326196180555556e-09,2.652392361111112e-09,5.967882812500002e-09
8,278.6164861111111,4.847381944444444,3.993055555555555e-08,0.9352972222222222,184.58509375,0.0,0.0,0.0,0.0
8,279.1407534722222,3.3011180555555555,1.1342592592592593e-07,0.9144100694444444,191.10664930555555,4.581405092592594e-10,1.1453512731481485e-09,2.290702546296297e-09,5.154080729166668e-09
8,277.6211111111111,3.613190972222222,1.1747685185185185e-07,0.9284309027777778,106.94338194444444,2.401620601851851e-09,6.0040515046296276e-09,1.2008103009259255e-08,2.7018231770833326e-08
8,276.6982118055555,3.7297569444444445,3.298611111111111e-08,0.9350878472222222,106.34678819444444,0.0,0.0,0.0,0.0
8,278.02610069444444,4.043451388888889,4.861111111111111e-08,0.9050072916666667,194.39465625000003,1.9073611111111154e-10,4.768402777777789e-10,9.536805555555577e-10,2.145781250000005e-09
8,277.6679131944444,4.458315972222222,2.7199074074074075e-08,0.8705392361111112,204.72980902777778,1.8059884259259138e-10,4.514971064814785e-10,9.02994212962957e-10,2.0317369791666532e-09
8,276.91169791666664,3.4362812499999995,1.0416666666666667e-07,0.9121677083333333,144.07889236111112,4.6296273148148237e-10,1.157406828703706e-09,2.314813657407412e-09,5.208330729166677e-09
8,275.47510416666665,6.232958333333333,3.935185185185185e-08,0.8947170138888889,134.86504166666668,7.667824074074081e-10,1.9169560185185204e-09,3.833912037037041e-09,8.62630208333334e-09
8,275.4221631944444,3.8879166666666665,4.9768518518518523e-08,0.8263819444444445,164.29552083333334,7.185571759259251e-10,1.7963929398148126e-09,3.592785879629625e-09,8.083768229166657e-09
8,276.12112152777775,3.706777777777778,2.488425925925926e-08,0.8332381944444445,255.8050763888889,4.822453703703614e-12,1.2056134259259036e-11,2.4112268518518072e-11,5.425260416666566e-11
9,274.7483888888888,2.9312256944444446,8.796296296296297e-08,0.8637284722222223,164.75804861111112,4.62962962962963e-10,1.1574074074074074e-09,2.3148148148148148e-09,5.208333333333334e-09
9,273.7037881944444,2.471697916666667,2.3726851851851853e-08,0.9388711805555556,137.68719097222223,0.0,0.0,0.0,0.0
9,274.52138194444444,2.7992291666666667,2.4305555555555556e-08,0.8135333333333334,196.12796180555557,5.111881944444444e-10,1.277970486111111e-09,2.555940972222222e-09,5.750867187499999e-09
9,273.25065277777776,4.038916666666666,1.736111111111111e-09,0.8756072916666667,203.12997569444445,1.439525462962963e-08,3.5988136574074073e-08,7.197627314814815e-08,1.6194661458333334e-07
9,270.85234374999993,3.511364583333333,2.0833333333333335e-08,0.9038083333333333,211.1792986111111,0.0,0.0,0.0,0.0
9,274.12225347222216,2.7833368055555554,5.787037037037037e-10,0.4857447916666667,274.9123020833333,0.0,0.0,0.0,0.0
9,274.88692708333326,3.915618055555556,1.7361111111111113e-09,0.7073746527777778,214.28255902777778,0.0,0.0,0.0,0.0
9,273.5108229166666,2.2596180555555554,1.0416666666666667e-08,0.865226736111111,112.22289236111112,0.0,0.0,0.0,0.0
9,272.02552430555556,3.0893993055555558,4.340277777777778e-08,0.888367013888889,246.27976041666665,3.3468363425925927e-09,8.367090856481481e-09,1.6734181712962962e-08,3.765190885416667e-08
9,273.8048298611111,4.098222222222223,5.787037037037037e-10,0.6980229166666667,288.1384861111111,0.0,0.0,0.0,0.0
9,274.7624409722222,4.113555555555555,1.1574074074074074e-09,0.7065340277777777,246.39943402777777,1.3503078703703706e-10,3.3757696759259266e-10,6.751539351851853e-10,1.5190963541666669e-09
9,275.5598472222222,3.754013888888889,1.9097222222222224e-08,0.7382902777777778,267.91340972222224,0.0,0.0,0.0,0.0
9,274.31341319444437,4.047871527777778,1.0416666666666667e-08,0.8758597222222222,195.01512847222222,1.036843981481482e-09,2.592109953703705e-09,5.18421990740741e-09,1.1664494791666671e-08
9,274.8520381944444,2.737232638888889,3.993055555555555e-08,0.7839385416666667,261.93688194444445,6.457368981481481e-09,1.6143422453703702e-08,3.2286844907407404e-08,7.264540104166666e-08
9,275.06344791666663,3.743013888888889,6.539351851851852e-08,0.87044375,190.06261458333336,0.0,0.0,0.0,0.0
9,273.51064930555555,2.388760416666667,6.423611111111111e-08,0.9397600694444446,131.43238541666665,2.4932483796296295e-09,6.233120949074074e-09,1.2466241898148148e-08,2.804904427083333e-08
9,272.82118055555554,3.360190972222222,1.2152777777777778e-08,0.955196875,105.49301041666666,0.0,0.0,0.0,0.0
9,272.3987986111111,2.0551979166666667,7.523148148148148e-09,0.904215625,157.75996874999998,7.426699074074074e-10,1.8566747685185186e-09,3.7133495370370372e-09,8.355036458333334e-09
9,272.0949131944444,2.83884375,5.208333333333333e-08,0.8891381944444445,142.10049652777778,8.75032824074074e-09,2.187582060185185e-08,4.37516412037037e-08,9.844119270833334e-08
9,272.16627430555553,2.4615069444444444,1.909722222222222e-08,0.8089229166666667,207.48829861111113,0.0,0.0,0.0,0.0
9,273.0144375,3.9153472222222225,8.101851851851851e-09,0.7339965277777778,254.4050104166667,2.411273148148148e-11,6.02818287037037e-11,1.205636574074074e-10,2.712682291666666e-10
9,273.2642256944444,3.5682743055555557,1.1574074074074074e-09,0.7126982638888888,269.60999305555555,8.825231481481483e-10,2.2063078703703708e-09,4.4126157407407415e-09,9.928385416666669e-09
9,274.1418784722222,3.7171666666666665,1.4467592592592593e-08,0.7710645833333333,204.43216666666666,0.0,0.0,0.0,0.0
9,273.1221006944444,4.1654375,3.4722222222222226e-09,0.9131732638888889,117.22292361111111,9.645069444444444e-11,2.411267361111111e-10,4.822534722222222e-10,1.0850703125e-09
9,273.3655625,3.2469965277777777,4.571759259259259e-08,0.836242361111111,167.33241319444443,1.9097222222222222e-09,4.774305555555556e-09,9.548611111111112e-09,2.1484375e-08
9,272.4930590277778,3.5181562499999997,1.7361111111111113e-09,0.7871347222222221,209.47996875,2.353395138888889e-09,5.883487847222222e-09,1.1766975694444444e-08,2.6475695312499998e-08
9,271.78201041666665,3.098795138888889,1.3888888888888889e-08,0.8007645833333333,255.52064583333333,1.7698687499999994e-09,4.424671874999998e-09,8.849343749999997e-09,1.991102343749999e-08
9,273.60895138888884,4.2227604166666675,0.0,0.6189190972222223,232.42635416666667,0.0,0.0,0.0,0.0
9,274.07124652777776,4.0028958333333335,1.1574074074074074e-09,0.6119715277777777,246.43485763888884,7.7160648148148e-11,1.9290162037037002e-10,3.8580324074074004e-10,8.68057291666665e-10
9,274.30488194444445,4.19804861111111,0.0,0.7074204861111111,217.64334027777775,0.0,0.0,0.0,0.0
10,272.81037847222217,5.181305555555555,1.8518518518518518e-08,0.7395083333333334,200.26729166666667,9.8861875e-10,2.471546875e-09,4.94309375e-09,1.1121960937500001e-08
10,272.3842881944444,5.556510416666667,1.909722222222222e-08,0.6739527777777777,219.83419791666665,5.65200625e-09,1.4130015625e-08,2.826003125e-08,6.358507031250001e-08
10,272.50782291666667,4.83978125,4.050925925925926e-09,0.7373482638888889,151.8086284722222,4.205246759259259e-09,1.0513116898148148e-08,2.1026233796296296e-08,4.730902604166667e-08
10,271.8648472222222,5.421059027777778,2.8935185185185185e-09,0.6279746527777778,274.2819131944444,3.5686736111111114e-10,8.921684027777779e-10,1.7843368055555558e-09,4.014757812500001e-09
10,273.65946875,4.782128472222222,0.0,0.42886909722222216,248.1941388888889,0.0,0.0,0.0,0.0
10,273.69029513888887,4.7993958333333335,2.3148148148148148e-09,0.522748611111111,140.42392708333333,8.198310185185188e-11,2.049577546296297e-10,4.099155092592594e-10,9.223098958333336e-10
10,271.7581770833333,4.840149305555555,4.050925925925926e-09,0.5421527777777777,213.88802083333334,0.0,0.0,0.0,0.0
10,270.2061527777778,4.407430555555555,0.0,0.7499885416666666,148.74133680555556,5.353009259259256e-10,1.338252314814814e-09,2.676504629629628e-09,6.022135416666663e-09
10,267.87898958333335,3.827618055555555,1.3310185185185186e-08,0.8339482638888889,168.35771875,3.5204474537037035e-09,8.801118634259259e-09,1.7602237268518517e-08,3.960503385416666e-08
10,269.62165277777774,4.954888888888889,5.787037037037037e-10,0.5979003472222223,234.08191666666667,1.4901620370370373e-09,3.725405092592593e-09,7.450810185185186e-09,1.676432291666667e-08
10,269.0741631944444,3.582072916666667,1.3310185185185186e-08,0.6704253472222222,173.50605555555555,2.020640509259259e-09,5.051601273148148e-09,1.0103202546296296e-08,2.2732205729166665e-08
10,269.96205555555554,4.59315625,5.787037037037037e-10,0.5520826388888889,216.8347048611111,0.0,0.0,0.0,0.0
10,269.80024652777774,3.9673854166666667,0.0,0.6249979166666667,198.16215625,0.0,0.0,0.0,0.0
10,270.3328229166666,3.418930555555556,1.1574074074074074e-09,0.6843357638888888,209.06894444444444,1.326195833333333e-09,3.315489583333332e-09,6.630979166666664e-09,1.4919703124999996e-08
10,270.54228472222223,4.7579513888888885,4.0509259259259254e-09,0.6788357638888889,202.78388194444443,0.0,0.0,0.0,0.0
10,268.7612708333333,4.28703125,6.944444444444444e-09,0.8456774305555556,158.40548263888888,5.613425925925925e-09,1.4033564814814813e-08,2.8067129629629627e-08,6.315104166666666e-08
10,269.70923958333333,4.890680555555556,7.523148148148148e-09,0.6551375,198.43318055555557,9.022955092592592e-09,2.2557387731481483e-08,4.5114775462962965e-08,1.0150824479166666e-07
10,270.0562326388889,4.212916666666667,0.0,0.53841875,179.65294791666668,0.0,0.0,0.0,0.0
10,270.8457708333333,4.925159722222222,5.787037037037037e-10,0.5089097222222222,214.01564930555554,7.716041666666667e-11,1.9290104166666668e-10,3.8580208333333336e-10,8.680546875000001e-10
10,270.5027951388888,5.561538194444445,0.0,0.5621690972222222,164.50410763888888,0.0,0.0,0.0,0.0
10,266.6871458333333,3.633572916666667,2.3148148148148148e-09,0.9156388888888889,176.45068402777775,1.784335648148148e-10,4.4608391203703697e-10,8.921678240740739e-10,2.0073776041666665e-09
10,267.4600034722222,3.429079861111111,5.787037037037037e-09,0.825603125,139.9331875,6.611689814814814e-09,1.6529224537037034e-08,3.305844907407407e-08,7.438151041666666e-08
10,268.3681423611111,4.978430555555556,0.0,0.7648145833333333,183.5096736111111,1.1013078703703773e-10,2.7532696759259434e-10,5.506539351851887e-10,1.2389713541666745e-09
10,267.07009374999996,3.1489652777777777,5.787037037037037e-10,0.78568125,102.05347569444444,0.0,0.0,0.0,0.0
10,267.35496527777775,3.820798611111111,5.787037037037037e-09,0.6300847222222222,168.4626215277778,0.0,0.0,0.0,0.0
10,267.0891284722222,6.557326388888889,0.0,0.5785923611111111,188.22101041666667,5.787037037037034e-10,1.4467592592592584e-09,2.893518518518517e-09,6.510416666666663e-09
10,264.6681111111111,5.5155763888888885,5.787037037037037e-10,0.6911041666666666,153.40797916666668,8.94579490740741e-09,2.2364487268518524e-08,4.472897453703705e-08,1.0064019270833336e-07
10,264.33942013888884,5.243986111111111,0.0,0.5419572916666667,170.93843055555556,4.407793055555556e-09,1.101948263888889e-08,2.203896527777778e-08,4.9587671875e-08
10,264.8811979166666,6.825972222222223,0.0,0.3564388888888889,194.30905555555557,0.0,0.0,0.0,0.0
10,266.2574097222222,5.795385416666667,0.0,0.4622774305555556,176.84822916666667,0.0,0.0,0.0,0.0
10,266.95346527777775,5.986822916666666,5.787037037037037e-10,0.43032881944444445,202.1820138888889,0.0,0.0,0.0,0.0
11,267.36255555555556,5.052503472222222,0.0,0.3805239583333333,183.96135416666664,0.0,0.0,0.0,0.0
11,267.19894444444446,3.8631180555555558,0.0,0.418775,183.41632638888888,0.0,0.0,0.0,0.0
11,267.4218819444444,3.7072048611111112,0.0,0.42018819444444444,187.08876041666667,0.0,0.0,0.0,0.0
11,267.8978368055555,3.914236111111111,0.0,0.33653576388888884,193.70046874999997,0.0,0.0,0.0,0.0
11,268.05693402777774,2.9173437499999997,0.0,0.37235659722222225,185.06602777777778,0.0,0.0,0.0,0.0
11,263.40205555555553,4.911302083333333,0.0,0.6943847222222223,139.49509027777776,1.2683254629629632e-09,3.170813657407408e-09,6.341627314814816e-09,1.4268661458333336e-08
11,262.5514409722222,4.490170138888889,0.0,0.49568368055555556,191.485,9.018134259259261e-10,2.254533564814815e-09,4.50906712962963e-09,1.0145401041666669e-08
11,264.4342847222222,4.567145833333334,0.0,0.429915625,122.23236805555555,0.0,0.0,0.0,0.0
11,263.0830138888889,5.890788194444445,0.0,0.555559375,133.2156388888889,0.0,0.0,0.0,0.0
11,264.35728819444444,6.5415,0.0,0.4663204861111111,173.76426388888888,0.0,0.0,0.0,0.0
11,265.53278472222223,7.219295138888889,0.0,0.2571545138888889,157.48575694444446,0.0,0.0,0.0,0.0
11,264.75220486111107,9.872364583333333,0.0,0.2455277777777778,170.0874236111111,0.0,0.0,0.0,0.0
11,264.8803923611111,8.148347222222222,0.0,0.22511944444444443,170.78778125000002,5.690585648148149e-10,1.422646412037037e-09,2.845292824074074e-09,6.4019088541666675e-09
11,265.54245833333334,7.510420138888889,0.0,0.2279861111111111,175.49605555555556,0.0,0.0,0.0,0.0
11,265.99622916666664,4.925302083333333,0.0,0.2692076388888889,155.19915277777778,5.304791666666661e-11,1.3261979166666652e-10,2.6523958333333303e-10,5.967890624999994e-10
11,266.50216666666665,3.7052569444444448,0.0,0.3266510416666667,160.92002777777776,2.6523912037037044e-10,6.630978009259262e-10,1.3261956018518523e-09,2.9839401041666675e-09
11,265.97813194444444,4.063076388888889,0.0,0.35197569444444443,144.16644791666667,0.0,0.0,0.0,0.0
11,264.54176736111106,6.300739583333333,0.0,0.45343993055555554,129.74392708333332,0.0,0.0,0.0,0.0
11,261.0170520833333,6.3274340277777785,0.0,0.5824753472222223,145.18495486111112,2.0736874999999997e-10,5.184218749999999e-10,1.0368437499999999e-09,2.3328984374999998e-09
11,263.06070138888884,6.214340277777778,0.0,0.40154548611111107,150.75856597222221,0.0,0.0,0.0,0.0
11,262.33068402777775,6.02334375,0.0,0.33619548611111116,143.80781597222222,0.0,0.0,0.0,0.0
11,258.8820833333333,4.421302083333333,0.0,0.47154270833333334,131.32016666666667,7.426699074074073e-10,1.8566747685185182e-09,3.7133495370370364e-09,8.355036458333332e-09
11,258.88427777777775,2.7848854166666666,5.787037037037037e-10,0.5339986111111111,143.19225,4.161843981481482e-09,1.0404609953703705e-08,2.080921990740741e-08,4.682074479166667e-08
11,261.0260833333333,3.562642361111111,5.787037037037037e-10,0.3717003472222222,156.16569444444445,0.0,0.0,0.0,0.0
11,258.7029166666666,4.416135416666666,0.0,0.455259375,128.6304375,9.98263888888889e-10,2.4956597222222224e-09,4.991319444444445e-09,1.1230468750000002e-08
11,260.51314930555554,5.465187499999999,0.0,0.26438506944444445,152.48243055555554,3.375763888889003e-11,8.439409722222508e-11,1.6878819444445016e-10,3.7977343750001285e-10
11,262.1508055555555,4.85515625,0.0,0.3409319444444444,158.31782291666667,3.139775462962953e-10,7.849438657407383e-10,1.5698877314814766e-09,3.5322473958333226e-09
11,260.9604513888889,4.476569444444445,0.0,0.40436423611111105,128.54535416666667,7.276891203703707e-10,1.8192228009259269e-09,3.6384456018518537e-09,8.18650260416667e-09
11,259.2836111111111,4.7840590277777775,0.0,0.3975996527777778,148.67812847222223,0.0,0.0,0.0,0.0
11,258.94041666666664,4.126468750000001,0.0,0.37143159722222224,156.0376388888889,0.0,0.0,0.0,0.0
12,259.8693194444444,3.919260416666667,0.0,0.36872499999999997,154.2450138888889,6.028164351851846e-10,1.5070410879629613e-09,3.0140821759259227e-09,6.781684895833326e-09
12,260.96901388888887,3.8847569444444447,0.0,0.3467927083333333,129.80555902777778,4.5061250000000075e-10,1.1265312500000019e-09,2.2530625000000038e-09,5.069390625000008e-09
12,260.9016770833333,6.499496527777778,0.0,0.2818631944444444,148.01838194444446,2.341868055555549e-10,5.854670138888872e-10,1.1709340277777745e-09,2.634601562499993e-09
12,261.63585763888887,6.164725694444444,0.0,0.27129583333333335,144.66326736111108,1.4467592592592607e-11,3.616898148148152e-11,7.233796296296304e-11,1.6276041666666683e-10
12,262.41310933908045,3.962084722222222,0.0,0.3315225407088123,143.43384822796935,0.0,0.0,0.0,0.0
12,264.1333888888889,4.679552083333334,0.0,0.32996458333333334,144.78775000000002,2.07376620370371e-10,5.184415509259275e-10,1.036883101851855e-09,2.332986979166674e-09
12,263.97954166666665,5.629479166666666,0.0,0.2688128472222222,132.29838194444443,2.411263888888886e-10,6.028159722222215e-10,1.205631944444443e-09,2.7126718749999968e-09
12,265.01334027777773,7.15065625,0.0,0.2638998263888889,136.80161805555556,0.0,0.0,0.0,0.0
12,266.15648263888886,5.48759375,0.0,0.20841493055555554,137.71022222222223,3.858032407407408e-11,9.645081018518519e-11,1.9290162037037038e-10,4.340286458333334e-10
12,266.9140381944444,3.545329861111111,0.0,0.28250868055555556,129.20587847222222,8.246527777777785e-10,2.061631944444446e-09,4.123263888888892e-09,9.277343750000009e-09
12,267.33325694444443,3.8422222222222224,0.0,0.23942881944444444,125.35793055555555,1.2056319444444447e-10,3.014079861111112e-10,6.028159722222224e-10,1.3563359375000002e-09
12,266.33494444444443,4.218434027777778,0.0,0.22970694444444445,131.70693055555557,5.835263888888888e-10,1.4588159722222221e-09,2.9176319444444443e-09,6.564671874999999e-09
12,264.3431284722222,6.609166666666667,0.0,0.2935319444444444,118.84247222222221,3.1828703703703707e-10,7.957175925925927e-10,1.5914351851851855e-09,3.580729166666667e-09
12,261.8237986111111,4.447086805555555,0.0,0.4412208333333333,120.60862152777777,0.0,0.0,0.0,0.0
12,258.80787499999997,3.699791666666667,0.0,0.5891371527777778,138.57288888888888,9.64513888888889e-12,2.4112847222222227e-11,4.8225694444444453e-11,1.0850781250000002e-10
12,259.34429861111107,3.5230104166666667,0.0,0.48048472222222216,112.04287152777778,8.342979166666667e-10,2.0857447916666667e-09,4.171489583333333e-09,9.3858515625e-09
12,261.326625,3.4944479166666667,0.0,0.28099340277777773,133.27704861111113,6.751550925925921e-11,1.6878877314814802e-10,3.3757754629629605e-10,7.595494791666662e-10
12,261.11095138888885,3.641673611111111,0.0,0.40620659722222224,127.89022916666667,0.0,0.0,0.0,0.0
12,261.0023020833333,3.731298611111111,0.0,0.2951079861111111,140.26493749999997,2.893518518518511e-11,7.233796296296278e-11,1.4467592592592556e-10,3.255208333333325e-10
12,262.29841666666664,4.38490625,0.0,0.216015625,137.66376736111113,8.873458333333325e-10,2.218364583333331e-09,4.436729166666662e-09,9.982640624999991e-09
12,261.9263958333333,5.852645833333334,0.0,0.2729239583333333,136.45144444444443,5.7870370370370426e-11,1.4467592592592608e-10,2.8935185185185216e-10,6.510416666666673e-10
12,262.5185625,4.973934027777778,0.0,0.27762569444444446,131.87075347222225,1.6878865740740745e-10,4.219716435185186e-10,8.439432870370372e-10,1.8988723958333337e-09
12,260.90184374999995,6.163354166666666,0.0,0.3032111111111111,103.25584722222222,0.0,0.0,0.0,0.0
12,261.40891666666664,4.884482638888889,0.0,0.20859687499999996,118.03731944444445,7.474923611111106e-10,1.8687309027777766e-09,3.737461805555553e-09,8.409289062499994e-09
12,259.50997916666665,5.539604166666667,0.0,0.4071163541666667,100.90946180555557,0.0,0.0,0.0,0.0
12,258.25220138888886,6.705076388888889,0.0,0.23259444444444446,146.42115625000002,5.015430555555564e-10,1.2538576388888908e-09,2.5077152777777815e-09,5.642359375000009e-09
12,259.9025590277778,5.454170138888889,0.0,0.17849895833333335,143.89222222222222,3.4722222222222256e-10,8.680555555555564e-10,1.7361111111111127e-09,3.906250000000004e-09
12,260.0587430555555,3.907993055555555,0.0,0.3346572916666667,116.98375,8.198310185185184e-11,2.049577546296296e-10,4.099155092592592e-10,9.223098958333332e-10
12,256.5465972222222,5.213673611111111,0.0,0.5535430555555556,85.00370486111112,0.0,0.0,0.0,0.0
12,257.8839236111111,6.9137048611111105,0.0,0.2710444444444444,147.39071875000002,1.5131254629629622e-09,3.782813657407405e-09,7.56562731481481e-09,1.7022661458333324e-08
