TIMESTAMP,air temperature [K],Wind speed at 10 m (m/s),precipitation rain [m s^-1],Relative humidity at 5 m (%),Incoming shortwave radiation (W/m^2),SWE(m/s)_sd045
1,261.3841215277778,6.292142361111111,0.0,0.2227958333333333,144.13776736111112,1.6596137239583333e-07
1,261.3603506944444,5.078059027777778,0.0,0.24980590277777778,138.71940625,1.6097005208333335e-07
1,260.2395833333333,4.850805555555556,0.0,0.445328125,121.69941666666666,1.6216362760416665e-07
1,260.4565868055555,6.320802083333334,0.0,0.36926423611111114,127.90092708333333,1.57497828125e-07
1,261.02434027777775,5.272229166666667,0.0,0.2603871527777778,147.8373159722222,1.4822048697916667e-07
1,260.5923645833333,3.019430555555555,0.0,0.3651309027777778,138.94471875,1.4805772656250002e-07
1,259.42965277777773,4.247954861111111,0.0,0.42094548611111116,136.73622916666667,1.4057074739583332e-07
1,259.1842361111111,3.697541666666667,0.0,0.40029270833333336,149.5966388888889,1.2972005208333335e-07
1,257.6112847222222,2.9280833333333334,0.0,0.4876885416666667,144.91158333333334,1.304796015625e-07
1,255.76743055555553,2.8440972222222225,5.787037037037037e-10,0.633982638888889,82.34810069444444,1.615668385416667e-07
1,253.58951388888886,3.6837743055555556,0.0,0.6935930555555556,109.65217013888889,1.7013888802083333e-07
1,253.80857638888887,3.168090277777778,0.0,0.5436225694444445,153.25465624999998,1.4659288020833332e-07
1,255.08027777777775,4.337243055555556,0.0,0.4617885416666666,147.70766319444445,1.7534722135416668e-07
1,256.83371527777774,4.418729166666667,0.0,0.31751562499999997,148.73484027777778,1.8408203124999997e-07
1,258.18538194444443,6.355718749999999,0.0,0.32629652777777773,145.51772569444444,1.5380859375e-07
1,257.3772916666667,9.648277777777778,0.0,0.2404246527777778,152.6696527777778,7.633463541666666e-08
1,256.79381944444447,5.08396875,0.0,0.30196944444444446,146.74959027777777,3.33116328125e-08
1,257.8848263888889,6.2337847222222225,0.0,0.28230625,156.41637500000002,3.40711796875e-08
1,256.39437499999997,4.263611111111111,0.0,0.3882767361111111,108.77195486111111,4.044098177083333e-08
1,255.39614583333332,4.906916666666667,0.0,0.43450659722222224,105.17931944444445,3.65125859375e-08
1,255.1975347222222,7.1825624999999995,0.0,0.3432489583333333,135.7673611111111,4.085286458333333e-08
1,252.0659722222222,4.748611111111112,0.0,0.36896909722222226,161.65772222222222,2.4034289062500002e-08
1,253.92110763888886,3.6186979166666666,0.0,0.32374756944444444,153.82429513888889,3.434244791666666e-08
1,256.0942569444444,3.147475694444444,0.0,0.3270095486111111,170.31628125,3.515625000000001e-08
1,258.62965625,5.800565972222222,0.0,0.20876388888888886,165.25871875,3.835720572916667e-08
1,258.63231597222216,4.346631944444445,0.0,0.26056111111111113,159.43328125,3.7109375e-08
1,261.4908923611111,6.37378125,0.0,0.3118225694444444,171.84669097222223,1.9476994791666666e-08
1,259.303,6.093624999999999,0.0,0.42315,146.80963541666665,2.5173609375e-08
1,258.8926388888889,6.0665625,0.0,0.4019802083333333,148.53298611111111,6.14149296875e-08
1,259.5523263888889,5.420847222222223,0.0,0.4079677083333333,130.0535451388889,5.414496614583334e-08
1,259.3362673611111,4.832045138888889,0.0,0.38110625,157.68036805555556,3.3962671875e-08
2,259.72542708333333,4.984222222222222,0.0,0.4232569444444444,194.8185902777778,2.84288203125e-08
2,261.0110277777777,4.889215277777778,0.0,0.26251875,161.65144444444445,2.8754338541666667e-08
2,261.2884131944444,5.191986111111111,0.0,0.24974756944444443,159.53316319444446,2.6638453125e-08
2,261.6176111111111,6.102635416666667,0.0,0.271365625,167.48248263888888,3.000216927083333e-08
2,262.5146041666667,4.372982638888889,0.0,0.27011701388888887,138.59618055555555,3.401692708333333e-08
2,261.6257395833333,4.742916666666667,0.0,0.33048090277777775,129.76820833333335,3.4396703124999995e-08
2,258.15236458333334,4.615555555555556,0.0,0.4969135416666667,144.29244444444447,3.23350703125e-08
2,259.7910833333333,2.7993715277777778,0.0,0.49173628472222225,159.26427083333334,3.076171875e-08
2,261.0896840277777,4.0973749999999995,5.787037037037037e-10,0.3816364583333333,189.98891319444445,5.045572916666667e-08
2,260.70731249999994,3.4772326388888892,0.0,0.4413552083333333,149.43163194444446,5.17578125e-08
2,261.87753124999995,4.660649305555555,0.0,0.35408090277777776,189.63311805555554,5.121527864583333e-08
2,257.936,4.408309027777778,0.0,0.5429291666666667,194.14403125,1.0834418489583333e-07
2,257.2919097222222,4.240881944444444,0.0,0.5305229166666667,176.94027430555556,1.0997178906250001e-07
2,257.6401041666666,3.5159270833333336,5.787037037037037e-10,0.4546777777777778,191.36539583333334,1.0541449739583334e-07
2,260.14797916666663,5.98146875,0.0,0.31023194444444446,192.47439583333335,9.678819531249999e-08
2,260.9621284722222,4.776399305555556,0.0,0.37615868055555557,155.78294444444447,9.5703125e-08
2,262.4484756944444,6.426315972222222,0.0,0.2988777777777778,184.20915277777777,7.345920312499999e-08
2,263.4954548611111,9.108180555555556,0.0,0.19181416666666667,221.7985798611111,4.7504109375e-08
2,261.9304722222222,4.793211805555556,0.0,0.20518958333333334,201.0744201388889,5.387369791666667e-08
2,262.49812499999996,5.267670138888889,0.0,0.27855138888888886,164.57861805555555,4.345703125e-08
2,258.03809027777777,4.019159722222223,0.0,0.6532548611111111,135.8852777777778,4.747178645833334e-08
2,257.2723958333333,4.368951388888889,5.787037037037037e-10,0.7042006944444446,180.45076041666667,7.915581770833334e-08
2,257.23267361111107,4.271951388888889,5.787037037037037e-10,0.6379899305555555,169.81303819444446,9.016927083333335e-08
2,256.93808680555554,4.051694444444444,5.787037037037037e-10,0.6439451388888889,171.8680659722222,1.2342664843749999e-07
2,256.7753472222222,4.3208368055555555,0.0,0.47256354166666664,235.5843298611111,1.2868923697916668e-07
2,259.18301736111107,4.024541666666666,0.0,0.314590625,243.0687708333333,1.2320963541666668e-07
2,260.43757638888883,5.574767361111111,0.0,0.3751805555555555,224.74903472222223,1.2369791666666666e-07
2,260.04749305555555,5.5947256944444455,5.787037037037037e-10,0.5567652777777777,217.4236111111111,1.1848958333333332e-07
2,264.9181805555555,4.931125,0.0,0.2172152777777778,249.90300694444446,9.66796875e-08
3,259.55041666666665,5.003847222222222,0.0,0.4325763888888889,203.7323854166667,1.0866970572916667e-07
3,261.84637152777776,5.729725694444445,0.0,0.3717415625,256.7175798611111,9.429253645833333e-08
3,263.37050347222225,5.185510416666666,0.0,0.26179895833333333,223.08506597222222,8.463541666666667e-08
3,260.9857986111111,7.5276805555555555,0.0,0.42571805555555553,167.98277777777778,8.843315885416666e-08
3,260.35991666666666,6.607777777777778,0.0,0.5994875000000001,210.72220833333333,9.402126822916667e-08
3,262.1080833333333,5.461305555555556,0.0,0.5258635416666667,236.72597916666666,1.4626736197916668e-07
3,261.1302986111111,4.531451388888889,0.0,0.5162179861111111,238.54159027777777,1.9016534635416668e-07
3,260.8781736111111,4.934395833333333,0.0,0.4397256944444444,227.60144791666667,2.215169270833333e-07
3,259.90719791666663,5.048378472222223,0.0,0.584159375,180.38049305555555,2.3497178906249996e-07
3,259.9585381944444,4.754135416666667,0.0,0.6119690972222223,198.06545833333337,2.2515190885416667e-07
3,261.30834027777775,4.2210833333333335,5.787037037037037e-10,0.6063548611111111,215.77031597222222,2.2884114583333335e-07
3,260.90779166666664,4.54075,0.0,0.7122774305555556,185.6832638888889,2.794053828125e-07
3,260.83428125,3.711069444444444,0.0,0.6337475694444444,236.12967013888888,3.7272135416666666e-07
3,262.9972881944444,3.703236111111111,0.0,0.6890708333333333,181.48313194444444,3.4814453125000004e-07
3,263.7454444444444,3.6898680555555554,0.0,0.7637385416666667,169.0865173611111,3.9740668229166673e-07
3,262.4837013888889,4.165013888888889,1.3310185185185185e-08,0.7367159722222223,202.25186458333332,3.8867187499999997e-07
3,263.1698645833333,5.277086805555555,0.0,0.4541104166666667,297.18823958333337,3.8948567708333334e-07
3,265.9763611111111,4.266590277777778,0.0,0.46057881944444445,239.18519791666665,3.837890625e-07
3,266.6139131944444,4.189902777777778,0.0,0.4453663194444445,265.3980451388889,3.714192708333333e-07
3,265.0033472222222,3.470635416666666,3.4722222222222226e-09,0.7333597222222223,156.4814236111111,3.5937500000000005e-07
3,264.55260763888884,4.2041458333333335,1.7361111111111113e-09,0.8498305555555556,180.69183333333334,4.4845920052083335e-07
3,263.19467361111106,8.181645833333334,0.0,0.7452545138888889,190.43297916666666,4.4639757031250005e-07
3,261.5731944444444,6.938059027777777,0.0,0.6990465277777778,236.30699305555555,4.5654296875e-07
3,259.6142361111111,4.308708333333334,0.0,0.6104722222222223,308.6983333333333,4.3760850781250005e-07
3,260.91907638888887,6.110555555555556,0.0,0.4241177083333333,311.26761111111114,4.669596354166667e-07
3,265.2993472222222,4.523118055555556,0.0,0.24783993055555553,309.8443298611111,4.35763890625e-07
3,268.23963541666666,5.63046875,0.0,0.33635173611111113,273.08799999999997,3.709309895833333e-07
3,266.32039930555555,4.388927083333333,1.736111111111111e-09,0.6511378472222222,244.5153472222222,3.7548828124999997e-07
3,263.6570034722222,4.935208333333334,5.787037037037037e-10,0.8428555555555557,159.54939583333334,4.423828125e-07
3,264.2524618055555,3.9211527777777775,1.7361111111111113e-09,0.7280180555555555,283.1078576388889,4.134657109375e-07
3,267.48271180555554,5.829138888888888,0.0,0.39612604166666665,289.1089236111111,4.0852864583333333e-07
4,269.2731284722222,5.06863888888889,5.787037037037037e-10,0.34782430555555555,294.8043402777778,3.7993706770833337e-07
4,270.0807083333333,5.2835069444444445,0.0,0.4859107638888889,250.35887847222224,3.030598958333333e-07
4,269.27324305555555,4.234253472222222,5.208333333333334e-09,0.6830701388888889,212.0969236111111,4.161783854166667e-07
4,269.2931284722222,3.9046458333333334,0.0,0.6290753472222221,256.554,3.816189244791667e-07
4,269.14940972222223,5.259854166666667,1.7361111111111113e-09,0.6808388888888889,195.76885069444444,3.483072916666667e-07
4,270.06500694444446,3.8724583333333333,7.523148148148148e-09,0.6305927083333334,241.78241319444447,3.623046875e-07
4,267.4373958333333,4.503333333333334,2.3148148148148148e-09,0.7391027777777777,222.22342708333332,3.2248263802083336e-07
4,268.65871874999993,3.3438020833333337,1.1574074074074074e-09,0.7203895833333334,172.65510069444446,2.866753489583333e-07
4,268.0466666666666,2.831652777777778,4.0509259259259254e-09,0.8278642361111112,174.38912499999998,2.831488697916667e-07
4,266.0358541666667,4.6714375,5.208333333333334e-09,0.8449395833333333,282.6621354166667,3.5628255208333333e-07
4,266.0111631944444,3.898298611111111,5.787037037037037e-10,0.6631916666666666,193.08460416666665,3.544921875e-07
4,265.11815972222223,4.005399305555556,6.365740740740741e-08,0.6430708333333333,261.35609375,4.5567491406250006e-07
4,267.2779722222222,6.0669305555555555,0.0,0.5691052083333333,233.22000694444444,3.6990017187499995e-07
4,267.9072638888889,5.016506944444444,5.787037037037037e-10,0.667373263888889,199.26408680555556,3.61545140625e-07
4,265.39965277777776,4.904628472222223,8.680555555555555e-09,0.8535756944444444,275.91833680555555,5.15625e-07
4,262.51054166666665,6.086190972222221,5.787037037037037e-10,0.736870138888889,291.2758784722222,5.5712890625e-07
4,266.6493333333333,6.1590625,0.0,0.44576666666666664,349.96602083333335,4.873589401041666e-07
4,271.4967048611111,7.244944444444444,5.787037037037037e-10,0.4315524305555556,291.4469930555556,4.0955946354166675e-07
4,265.59861111111104,5.511465277777778,0.0,0.7689833333333334,266.34788888888886,3.8574218749999995e-07
4,265.21411805555556,4.052534722222222,8.101851851851851e-09,0.6780743055555556,282.38518402777777,4.75368921875e-07
4,266.38456249999996,2.9486006944444445,5.787037037037037e-10,0.7913090277777779,251.68677083333333,4.4683159635416666e-07
4,266.3659548611111,4.813760416666667,8.680555555555557e-09,0.7269347222222222,284.0849548611111,5.721028645833334e-07
4,268.2736423611111,2.9171423611111114,2.3148148148148148e-09,0.6710697916666666,344.7925902777778,6.361219609375001e-07
4,268.49478124999996,4.046402777777778,2.8935185185185185e-09,0.6691,283.1780798611111,5.909288203125e-07
4,266.8788402777777,4.6841180555555555,2.8935185185185185e-09,0.8289427083333333,196.82827430555557,6.09103734375e-07
4,266.7081979166667,3.4524756944444444,3.472222222222222e-09,0.7972878472222222,290.33297569444443,7.673611119791666e-07
4,268.66823263888887,3.08646875,4.6296296296296295e-09,0.6269930555555555,319.3757361111111,8.123914921875002e-07
4,269.9107638888889,3.4392256944444446,1.1574074074074074e-09,0.6196309027777778,312.53625,7.731119791666668e-07
4,270.1495,4.3884895833333335,1.3888888888888889e-08,0.70135,268.74691666666666,7.909613697916667e-07
4,270.2163472222222,3.645868055555556,1.2152777777777778e-08,0.7734472222222222,284.0029652777778,8.40603296875e-07
5,270.1532708333333,5.7526979166666665,5.787037037037037e-10,0.7050961805555556,259.2252152777778,7.306857630208334e-07
5,266.8874270833333,3.9708749999999995,3.4722222222222226e-09,0.7684138888888888,284.2588576388889,1.0013020833333334e-06
5,270.8466284722222,5.724729166666667,0.0,0.5095965277777778,359.33419444444445,8.486328125e-07
5,270.9194131944444,7.1004756944444445,0.0,0.48992395833333335,266.9881840277778,6.936848958333333e-07
5,269.67071527777773,4.160420138888889,5.787037037037037e-10,0.6576222222222222,321.26810763888886,5.724283854166667e-07
5,269.30075,4.470309027777778,1.7361111111111113e-08,0.8688996527777778,259.4987291666667,5.795355911458334e-07
5,269.8971006944445,3.7848437500000003,5.787037037037037e-10,0.758326736111111,322.59180208333333,7.556966145833333e-07
5,270.5281527777778,4.326756944444444,2.3148148148148148e-09,0.694859375,280.80772569444446,7.688259557291668e-07
5,270.85712152777774,4.531329861111111,2.3148148148148148e-09,0.6524107638888889,336.0143194444444,7.314995651041666e-07
5,273.23159722222215,4.7053159722222215,2.8935185185185185e-09,0.6013788194444445,260.8199965277778,6.946614583333333e-07
5,272.8492465277777,6.236527777777778,0.0,0.5639541666666668,339.6260763888889,6.962890625000001e-07
5,272.11073263888886,3.5183645833333337,0.0,0.6397163194444444,349.1063819444445,5.686668125e-07
5,268.8696597222222,6.722979166666667,5.787037037037037e-10,0.8166739583333333,144.67882291666666,5.514322916666668e-07
5,266.72994097222215,6.683010416666667,0.0,0.6548722222222223,355.5302013888888,5.757921015625001e-07
5,269.16919097222217,4.681531250000001,5.787037037037037e-10,0.6348489583333334,304.93758333333335,5.307617187499999e-07
5,271.5489826388889,3.704326388888889,5.787037037037037e-10,0.6903954861111111,290.53403125,4.969075520833334e-07
5,272.36772916666666,3.253993055555555,8.101851851851853e-09,0.6723961805555555,281.02281597222225,4.3391927083333326e-07
5,274.1054826388888,3.200850694444444,0.0,0.5570631944444444,277.4838888888889,3.43532984375e-07
5,275.42438541666667,4.78396875,1.1574074074074074e-09,0.5661222222222222,322.2086388888889,1.962890625e-07
5,273.22141666666664,4.947097222222222,3.0092592592592594e-08,0.7194440972222222,209.8207326388889,1.036241328125e-07
5,270.38429861111103,3.688458333333333,9.259259259259259e-09,0.9290642361111111,217.66019444444444,4.168294270833333e-07
5,268.47811805555557,4.161333333333333,4.050925925925926e-09,0.9182510416666667,235.71137847222224,5.238172734375e-07
5,269.19180555555556,3.4531770833333333,9.837962962962963e-09,0.8505128472222222,334.18684375,5.55392796875e-07
5,270.03914930555555,4.6505069444444445,0.0,0.8206315972222222,295.49944444444446,4.996202265625e-07
5,268.65392361111105,2.7110416666666666,2.3148148148148148e-09,0.7988062499999999,296.0369409722222,4.1867404427083337e-07
5,271.86365277777776,2.99934375,0.0,0.6332899305555555,316.48418055555555,3.9404296875e-07
5,274.32349999999997,3.2982291666666663,9.837962962962963e-09,0.5913059027777778,318.84423263888885,2.782579791666667e-07
5,275.3353159722222,3.922878472222223,4.6296296296296295e-09,0.5069145833333333,270.01095486111114,1.9281684114583335e-07
5,275.16146875,4.716489583333333,1.1574074074074074e-09,0.6012295138888888,304.62829166666666,9.450954947916667e-08
5,273.75677083333335,4.444336805555555,5.671296296296296e-08,0.7095607638888889,250.40080902777777,1.5294053645833334e-07
5,272.97309027777777,5.141586805555556,2.488425925925926e-08,0.8852288194444444,193.55538194444443,1.2717013802083332e-07
6,274.04378124999994,3.570923611111111,4.224537037037037e-08,0.8032569444444444,194.7627013888889,1.5201822916666666e-07
6,272.78813541666665,4.762329861111112,9.837962962962962e-09,0.72789375,217.45198611111113,2.083875859375e-07
6,272.6513923611111,3.953722222222223,4.224537037037037e-08,0.7548263888888889,286.0643680555556,1.8505859375e-07
6,272.78080555555556,6.338197916666667,8.680555555555557e-09,0.7765666666666666,331.7319826388889,3.123372395833333e-07
6,273.73140277777776,5.541190972222222,5.787037037037038e-09,0.7053041666666666,303.24821875,3.759765625e-07
6,272.60830902777775,3.808684027777778,3.645833333333333e-08,0.795584375,315.2675173611111,4.3760850520833335e-07
6,273.8472777777778,3.8126979166666666,6.655092592592592e-08,0.7699854166666666,278.6353090277778,3.9350043489583333e-07
6,274.49150347222223,4.211527777777778,1.4467592592592593e-08,0.7438121527777777,296.0627673611111,3.5400390625e-07
6,273.7128298611111,4.722350694444445,2.8356481481481483e-08,0.7214343750000001,326.70992708333335,4.1210937499999996e-07
6,274.3363194444444,3.9338958333333336,4.0509259259259254e-09,0.65790625,294.95348958333335,3.4418402864583335e-07
6,274.1511284722222,3.7954583333333334,1.2152777777777778e-08,0.7758927083333333,270.57171875,3.3056640625000004e-07
6,276.30443749999995,4.05871875,5.787037037037037e-10,0.6513121527777777,318.19801041666665,2.121853307291667e-07
6,275.6042083333333,4.699479166666666,1.7361111111111113e-09,0.7337239583333333,236.85127083333333,1.1447482552083333e-07
6,274.30728124999996,6.190163194444445,1.0995370370370371e-08,0.7698420138888888,277.99502083333334,5.6152343749999995e-08
6,275.20662152777777,4.7949375,0.0,0.5926065972222222,370.99540277777777,4.1069877604166665e-08
6,278.9025590277778,4.583579861111112,2.8935185185185185e-09,0.5166180555555555,383.44600347222223,2.2026911458333334e-08
6,278.9149444444444,3.929545138888889,3.4722222222222226e-09,0.48319548611111107,260.0092256944444,6.8359375e-09
6,276.9255763888889,4.045652777777778,1.6782407407407408e-08,0.7282069444444446,222.35697569444443,8.572049479166667e-09
6,277.28372569444446,3.822510416666667,5.092592592592593e-08,0.7175163194444444,275.8835277777778,7.107205729166668e-09
6,275.62044097222224,3.8234930555555553,6.539351851851852e-08,0.8422406250000001,205.370875,1.4648437500000002e-08
6,275.50888888888886,4.2309375,1.2152777777777778e-08,0.7954291666666666,354.8907361111111,1.4377171875000002e-08
6,276.2687604166666,4.214607638888889,4.050925925925926e-08,0.7426875,290.2846736111111,1.2858072916666667e-08
6,275.8842708333333,4.158920138888889,4.6296296296296295e-08,0.7982878472222222,312.7824444444444,2.5282117187500003e-08
6,276.0474513888889,3.537958333333333,1.736111111111111e-08,0.7525173611111111,189.06180902777777,2.387153645833333e-09
6,275.61702430555556,4.830190972222223,7.63888888888889e-08,0.8717159722222223,182.25314236111112,2.2894877604166666e-08
6,276.07112152777773,4.440430555555556,8.101851851851851e-09,0.8289229166666666,289.92080555555555,1.0253906250000001e-08
6,276.83841666666666,4.65459375,2.8935185185185185e-09,0.7370114583333334,309.79499305555555,7.378471354166667e-09
6,276.78364583333337,3.662076388888889,3.298611111111111e-08,0.6832611111111111,240.83848263888888,1.5787760416666666e-08
6,278.2934409722222,3.4583229166666665,2.3148148148148148e-09,0.6232913194444445,260.78903125,2.327473958333333e-08
6,278.2436597222222,3.2335208333333334,2.8935185185185185e-09,0.6220572916666667,301.2642777777778,3.02734375e-08
7,278.1150868055555,2.9898437500000004,3.877314814814815e-08,0.7143628472222222,240.0805763888889,4.1124132812500004e-08
7,277.1956284722222,4.446114583333333,1.244212962962963e-07,0.7324319444444444,144.14237847222222,5.3114148437500004e-08
7,278.16645138888885,3.9974340277777776,4.918981481481482e-08,0.6704256944444444,285.79868055555556,6.418185677083333e-08
7,279.9739409722222,3.3431284722222223,9.201388888888889e-08,0.6233479166666667,286.8376979166667,4.861111197916666e-08
7,279.81249652777774,3.804670138888889,3.4722222222222227e-08,0.6914500000000001,304.02496180555556,4.828559114583333e-08
7,281.1098020833333,4.297809027777777,1.1284722222222222e-07,0.679004861111111,324.80317708333337,3.152126822916667e-08
7,280.47571875,5.0125,3.472222222222222e-09,0.6964694444444444,222.20701736111113,4.134114583333333e-08
7,278.6237777777777,4.284961805555556,5.324074074074074e-08,0.8386663194444445,154.22961805555556,7.183159635416666e-08
7,279.8315416666667,3.6810972222222222,1.3136574074074074e-07,0.7415357638888889,198.7527465277778,6.060112760416667e-08
7,278.4452569444444,4.715923611111111,1.4699074074074072e-07,0.7862767361111112,220.38767708333333,5.061848958333333e-08
7,278.4162118055555,4.695572916666666,3.1828703703703704e-08,0.7283277777777778,251.60829861111114,6.092664843749999e-08
7,280.40996527777776,3.7148923611111115,4.1087962962962963e-08,0.6547732638888889,290.57614930555553,4.866536458333333e-08
7,279.38889236111106,4.402201388888889,1.3310185185185186e-08,0.6296291666666667,273.9941284722222,4.50303828125e-08
7,279.5245069444444,3.6429444444444443,1.8518518518518518e-08,0.6214770833333334,322.16298611111114,6.119791666666667e-08
7,280.75988194444443,3.6820972222222217,0.0,0.6156663194444445,303.203625,3.314886979166667e-08
7,281.6296909722222,3.17040625,0.0,0.6091027777777778,355.73373263888885,3.3930351562500005e-08
7,280.51723611111106,4.342319444444445,6.886574074074074e-08,0.7181791666666666,235.3314513888889,4.3891057291666664e-08
7,280.0112013888889,5.624114583333333,3.06712962962963e-08,0.7250395833333333,294.77709375,2.1809895833333335e-08
7,281.7665451388889,4.976934027777778,5.0347222222222216e-08,0.7055319444444444,347.8234826388889,1.893446354166667e-08
7,281.78894791666664,4.640614583333333,3.4722222222222226e-09,0.7725184027777778,259.4940555555556,1.7795138020833334e-08
7,280.0677534722222,5.276399305555556,1.1921296296296295e-07,0.8831270833333333,140.29712847222223,3.287760416666667e-08
7,280.0942256944444,4.129704861111112,1.226851851851852e-07,0.8387309027777776,262.0639826388889,6.467013802083334e-08
7,277.90526388888884,4.494541666666667,1.3194444444444444e-07,0.9039510416666666,97.24708680555555,9.62999140625e-08
7,277.53859027777776,3.579635416666667,2.9513888888888888e-08,0.8833600694444445,184.99544444444444,8.414713541666667e-08
7,278.92270486111113,4.2308055555555555,6.365740740740741e-08,0.8325486111111111,263.0280173611111,9.445529687500001e-08
7,276.5046493055555,5.383163194444444,5.7291666666666665e-08,0.8190163194444444,162.31719791666666,8.870442708333332e-08
7,277.9188611111111,5.1940486111111115,9.259259259259259e-09,0.761323611111111,233.39778819444444,4.5898437500000004e-08
7,279.5544270833333,5.355635416666667,1.909722222222222e-08,0.634884375,318.67015972222225,7.41102421875e-08
7,281.2090173611111,4.525173611111111,0.0,0.5568274305555555,362.6567708333333,9.000651041666667e-08
7,282.8077222222222,3.237760416666667,0.0,0.5251159722222222,340.27158680555556,8.181423437500001e-08
7,281.9981458333333,3.3282569444444445,1.0358796296296295e-07,0.6410034722222222,248.90013888888888,8.224826562500001e-08
8,279.6487256944444,4.394336805555556,1.9097222222222224e-08,0.7217760416666666,249.08331597222224,9.955512239583335e-08
8,280.35830208333334,3.845173611111111,2.0833333333333335e-08,0.7033749999999999,312.1671944444445,1.0020616406250001e-07
8,279.64993055555556,4.374940972222222,4.9768518518518523e-08,0.8011559027777777,240.3488854166667,8.60460078125e-08
8,279.8944236111111,4.0462187499999995,4.050925925925926e-09,0.8072461805555556,278.24920486111114,7.025824739583333e-08
8,281.7391666666666,3.3995625,5.787037037037037e-10,0.7250555555555556,340.545125,6.646050260416667e-08
8,280.4957430555555,3.527430555555555,8.391203703703704e-08,0.7492833333333333,201.9860798611111,6.722005208333334e-08
8,280.5951979166666,5.2322187499999995,4.6296296296296295e-09,0.6972145833333334,347.19265277777777,1.2071397395833335e-07
8,280.7114444444444,5.043899305555556,5.787037037037037e-10,0.6620236111111111,305.21295833333335,1.5619574739583333e-07
8,281.19568402777776,4.2016631944444445,0.0,0.6219180555555555,312.3615659722222,1.5489366145833336e-07
8,278.2116875,3.53821875,7.92824074074074e-08,0.8474673611111112,155.00945833333333,1.5239800520833334e-07
8,277.48743055555553,4.369440972222222,1.875e-07,0.8915690972222221,144.69474305555556,1.4171006770833333e-07
8,278.24480555555556,3.1575972222222224,4.9768518518518523e-08,0.8514416666666667,214.53854166666665,1.397569453125e-07
8,279.8279895833333,2.7669270833333335,3.7037037037037036e-08,0.7914375,229.34178819444446,1.37424046875e-07
8,279.06129166666665,4.329833333333333,1.1284722222222222e-07,0.8413527777777777,158.13343402777778,1.4263237760416668e-07
8,281.23598611111106,2.81940625,1.5625000000000003e-08,0.769120138888889,287.46531597222224,1.3460286458333334e-07
8,282.44744444444444,4.256545138888889,2.141203703703704e-08,0.8152822916666667,272.14518055555556,1.3845486197916668e-07
8,281.78287152777773,4.413024305555555,1.7361111111111113e-08,0.9068315972222223,164.43993749999998,1.4046223958333332e-07
8,280.3780520833333,3.7759722222222223,1.7129629629629632e-07,0.9058642361111111,184.31166666666667,1.3427734375e-07
8,279.11275,3.7128645833333334,1.3541666666666666e-07,0.9392173611111111,80.62921875,1.2603081770833334e-07
8,280.18302777777774,4.2793680555555556,2.5462962962962964e-08,0.8801125,269.3108159722222,1.3693576302083332e-07
8,279.19526736111106,4.54765625,1.9502314814814817e-07,0.9235954861111111,127.88418402777778,1.2087673697916667e-07
8,278.6164861111111,4.847381944444444,3.993055555555555e-08,0.9352972222222222,184.58509375,1.0020616145833333e-07
8,279.1407534722222,3.3011180555555555,1.1342592592592593e-07,0.9144100694444444,191.10664930555555,1.053602421875e-07
8,277.6211111111111,3.613190972222222,1.1747685185185185e-07,0.9284309027777778,106.94338194444444,1.3237847395833333e-07
8,276.6982118055555,3.7297569444444445,3.298611111111111e-08,0.9350878472222222,106.34678819444444,1.1268446093750002e-07
8,278.02610069444444,4.043451388888889,4.861111111111111e-08,0.9050072916666667,194.39465625000003,1.1238883593750001e-07
8,277.6679131944444,4.458315972222222,2.7199074074074075e-08,0.8705392361111112,204.72980902777778,1.13498265625e-07
8,276.91169791666664,3.4362812499999995,1.0416666666666667e-07,0.9121677083333333,144.07889236111112,1.1870659635416668e-07
8,275.47510416666665,6.232958333333333,3.935185185185185e-08,0.8947170138888889,134.86504166666668,1.239149296875e-07
8,275.4221631944444,3.8879166666666665,4.9768518518518523e-08,0.8263819444444445,164.29552083333334,1.3199869791666668e-07
8,276.12112152777775,3.706777777777778,2.488425925925926e-08,0.8332381944444445,255.8050763888889,1.2765841927083333e-07
9,274.7483888888888,2.9312256944444446,8.796296296296297e-08,0.8637284722222223,164.75804861111112,1.0919440109953703e-07
9,273.7037881944444,2.471697916666667,2.3726851851851853e-08,0.9388711805555556,137.68719097222223,1.0062235422453703e-07
9,274.52138194444444,2.7992291666666667,2.4305555555555556e-08,0.8135333333333334,196.12796180555557,1.0637322141203704e-07
9,273.25065277777776,4.038916666666666,1.736111111111111e-09,0.8756072916666667,203.12997569444445,2.683198359953704e-07
9,270.85234374999993,3.511364583333333,2.0833333333333335e-08,0.9038083333333333,211.1792986111111,2.487885859953704e-07
9,274.12225347222216,2.7833368055555554,5.787037037037037e-10,0.4857447916666667,274.9123020833333,1.797781693287037e-07
9,274.88692708333326,3.915618055555556,1.7361111111111113e-09,0.7073746527777778,214.28255902777778,1.1646436724537037e-07
9,273.5108229166666,2.2596180555555554,1.0416666666666667e-08,0.865226736111111,112.22289236111112,8.863233599537035e-08
9,272.02552430555556,3.0893993055555558,4.340277777777778e-08,0.888367013888889,246.27976041666665,1.2628424484953702e-07
9,273.8048298611111,4.098222222222223,5.787037037037037e-10,0.6980229166666667,288.1384861111111,1.0094787505787036e-07
9,274.7624409722222,4.113555555555555,1.1574074074074074e-09,0.7065340277777777,246.39943402777777,1.0246697141203702e-07
9,275.5598472222222,3.754013888888889,1.9097222222222224e-08,0.7382902777777778,267.91340972222224,9.866922922453703e-08
9,274.31341319444437,4.047871527777778,1.0416666666666667e-08,0.8758597222222222,195.01512847222222,1.103337240162037e-07
9,274.8520381944444,2.737232638888889,3.993055555555555e-08,0.7839385416666667,261.93688194444445,1.8297912505787037e-07
9,275.06344791666663,3.743013888888889,6.539351851851852e-08,0.87044375,190.06261458333336,1.158133255787037e-07
9,273.51064930555555,2.388760416666667,6.423611111111111e-08,0.9397600694444446,131.43238541666665,1.4386236984953702e-07
9,272.82118055555554,3.360190972222222,1.2152777777777778e-08,0.955196875,105.49301041666666,1.1733242193287037e-07
9,272.3987986111111,2.0551979166666667,7.523148148148148e-09,0.904215625,157.75996874999998,1.256874583912037e-07
9,272.0949131944444,2.83884375,5.208333333333333e-08,0.8891381944444445,142.10049652777778,2.2412865109953702e-07
9,272.16627430555553,2.4615069444444444,1.909722222222222e-08,0.8089229166666667,207.48829861111113,1.4388020833333333e-07
9,273.0144375,3.9153472222222225,8.101851851851851e-09,0.7339965277777778,254.4050104166667,4.7667101562500004e-08
9,273.2642256944444,3.5682743055555557,1.1574074074074074e-09,0.7126982638888888,269.60999305555555,5.3982205729166674e-08
9,274.1418784722222,3.7171666666666665,1.4467592592592593e-08,0.7710645833333333,204.43216666666666,2.750651041666667e-08
9,273.1221006944444,4.1654375,3.4722222222222226e-09,0.9131732638888889,117.22292361111111,2.0941841145833334e-08
9,273.3655625,3.2469965277777777,4.571759259259259e-08,0.836242361111111,167.33241319444443,4.242621614583334e-08
9,272.4930590277778,3.5181562499999997,1.7361111111111113e-09,0.7871347222222221,209.47996875,5.642361197916667e-08
9,271.78201041666665,3.098795138888889,1.3888888888888889e-08,0.8007645833333333,255.52064583333333,7.633463541666666e-08
9,273.60895138888884,4.2227604166666675,0.0,0.6189190972222223,232.42635416666667,3.184670052083333e-08
9,274.07124652777776,4.0028958333333335,1.1574074074074074e-09,0.6119715277777777,246.43485763888884,3.2660591145833334e-08
9,274.30488194444445,4.19804861111111,0.0,0.7074204861111111,217.64334027777775,2.5390625e-08
10,272.81037847222217,5.181305555555555,1.8518518518518518e-08,0.7395083333333334,200.26729166666667,3.65125859375e-08
10,272.3842881944444,5.556510416666667,1.909722222222222e-08,0.6739527777777777,219.83419791666665,9.955512239583335e-08
10,272.50782291666667,4.83978125,4.050925925925926e-09,0.7373482638888889,151.8086284722222,1.468641484375e-07
10,271.8648472222222,5.421059027777778,2.8935185185185185e-09,0.6279746527777778,274.2819131944444,8.794487760416667e-08
10,273.65946875,4.782128472222222,0.0,0.42886909722222216,248.1941388888889,3.50477421875e-08
10,273.69029513888887,4.7993958333333335,2.3148148148148148e-09,0.522748611111111,140.42392708333333,3.597005208333333e-08
10,271.7581770833333,4.840149305555555,4.050925925925926e-09,0.5421527777777777,213.88802083333334,3.18467890625e-08
10,270.2061527777778,4.407430555555555,0.0,0.7499885416666666,148.74133680555556,3.7868924479166666e-08
10,267.87898958333335,3.827618055555555,1.3310185185185186e-08,0.8339482638888889,168.35771875,7.747395833333333e-08
10,269.62165277777774,4.954888888888889,5.787037037037037e-10,0.5979003472222223,234.08191666666667,9.423828125000001e-08
10,269.0741631944444,3.582072916666667,1.3310185185185186e-08,0.6704253472222222,173.50605555555555,1.0677083333333334e-07
10,269.96205555555554,4.59315625,5.787037037037037e-10,0.5520826388888889,216.8347048611111,9.212239583333334e-08
10,269.80024652777774,3.9673854166666667,0.0,0.6249979166666667,198.16215625,7.145182291666668e-08
10,270.3328229166666,3.418930555555556,1.1574074074074074e-09,0.6843357638888888,209.06894444444444,8.637152604166666e-08
10,270.54228472222223,4.7579513888888885,4.0509259259259254e-09,0.6788357638888889,202.78388194444443,7.459852604166667e-08
10,268.7612708333333,4.28703125,6.944444444444444e-09,0.8456774305555556,158.40548263888888,1.377495677083333e-07
10,269.70923958333333,4.890680555555556,7.523148148148148e-09,0.6551375,198.43318055555557,1.9254557291666664e-07
10,270.0562326388889,4.212916666666667,0.0,0.53841875,179.65294791666668,1.6254340364583333e-07
10,270.8457708333333,4.925159722222222,5.787037037037037e-10,0.5089097222222222,214.01564930555554,1.5518465885416666e-07
10,270.5027951388888,5.561538194444445,0.0,0.5621690972222222,164.50410763888888,1.6941278912037038e-07
10,266.6871458333333,3.633572916666667,2.3148148148148148e-09,0.9156388888888889,176.45068402777775,1.7142016672453703e-07
10,267.4600034722222,3.429079861111111,5.787037037037037e-09,0.825603125,139.9331875,2.458016771412037e-07
10,268.3681423611111,4.978430555555556,0.0,0.7648145833333333,183.5096736111111,2.4704064849537037e-07
10,267.07009374999996,3.1489652777777777,5.787037037037037e-10,0.78568125,102.05347569444444,2.427634818287037e-07
10,267.35496527777775,3.820798611111111,5.787037037037037e-09,0.6300847222222222,168.4626215277778,2.380434297453704e-07
10,267.0891284722222,6.557326388888889,0.0,0.5785923611111111,188.22101041666667,2.4455384641203704e-07
10,264.6681111111111,5.5155763888888885,5.787037037037037e-10,0.6911041666666666,153.40797916666668,3.451940391203704e-07
10,264.33942013888884,5.243986111111111,0.0,0.5419572916666667,170.93843055555556,3.947817109953704e-07
10,264.8811979166666,6.825972222222223,0.0,0.3564388888888889,194.30905555555557,3.032018516203704e-07
10,266.2574097222222,5.795385416666667,0.0,0.4622774305555556,176.84822916666667,2.728199063078704e-07
10,266.95346527777775,5.986822916666666,5.787037037037037e-10,0.43032881944444445,202.1820138888889,2.6305428130787036e-07
11,267.36255555555556,5.052503472222222,0.0,0.3805239583333333,183.96135416666664,2.6050436724537035e-07
11,267.19894444444446,3.8631180555555558,0.0,0.418775,183.41632638888888,2.490026328703704e-07
11,267.4218819444444,3.7072048611111112,0.0,0.42018819444444444,187.08876041666667,2.1818665891203703e-07
11,267.8978368055555,3.914236111111111,0.0,0.33653576388888884,193.70046874999997,2.0277867453703705e-07
11,268.05693402777774,2.9173437499999997,0.0,0.37235659722222225,185.06602777777778,2.0131383078703704e-07
11,263.40205555555553,4.911302083333333,0.0,0.6943847222222223,139.49509027777776,2.1558249224537037e-07
11,262.5514409722222,4.490170138888889,0.0,0.49568368055555556,191.485,2.2572789328703705e-07
11,264.4342847222222,4.567145833333334,0.0,0.429915625,122.23236805555555,2.234492474537037e-07
11,263.0830138888889,5.890788194444445,0.0,0.555559375,133.2156388888889,2.0934334380787038e-07
11,264.35728819444444,6.5415,0.0,0.4663204861111111,173.76426388888888,1.8726217974537037e-07
11,265.53278472222223,7.219295138888889,0.0,0.2571545138888889,157.48575694444446,1.7825610422453704e-07
11,264.75220486111107,9.872364583333333,0.0,0.2455277777777778,170.0874236111111,1.7038935162037038e-07
11,264.8803923611111,8.148347222222222,0.0,0.22511944444444443,170.78778125000002,1.7679126047453703e-07
11,265.54245833333334,7.510420138888889,0.0,0.2279861111111111,175.49605555555556,1.750008958912037e-07
11,265.99622916666664,4.925302083333333,0.0,0.2692076388888889,155.19915277777778,1.755976849537037e-07
11,266.50216666666665,3.7052569444444448,0.0,0.3266510416666667,160.92002777777776,1.7858162505787037e-07
11,265.97813194444444,4.063076388888889,0.0,0.35197569444444443,144.16644791666667,1.759774583912037e-07
11,264.54176736111106,6.300739583333333,0.0,0.45343993055555554,129.74392708333332,1.721797162037037e-07
11,261.0170520833333,6.3274340277777785,0.0,0.5824753472222223,145.18495486111112,1.745126146412037e-07
11,263.06070138888884,6.214340277777778,0.0,0.40154548611111107,150.75856597222221,1.7331903912037037e-07
11,262.33068402777775,6.02334375,0.0,0.33619548611111116,143.80781597222222,1.7310202349537037e-07
11,258.8820833333333,4.421302083333333,0.0,0.47154270833333334,131.32016666666667,1.814570599537037e-07
11,258.88427777777775,2.7848854166666666,5.787037037037037e-10,0.5339986111111111,143.19225,2.2827780474537036e-07
11,261.0260833333333,3.562642361111111,5.787037037037037e-10,0.3717003472222222,156.16569444444445,2.2746400266203705e-07
11,258.7029166666666,4.416135416666666,0.0,0.455259375,128.6304375,1.8462456510416664e-07
11,260.51314930555554,5.465187499999999,0.0,0.26438506944444445,152.48243055555554,1.62380640625e-07
11,262.1508055555555,4.85515625,0.0,0.3409319444444444,158.31782291666667,1.5034214322916667e-07
11,260.9604513888889,4.476569444444445,0.0,0.40436423611111105,128.54535416666667,1.5852864583333331e-07
11,259.2836111111111,4.7840590277777775,0.0,0.3975996527777778,148.67812847222223,1.388219375e-07
11,258.94041666666664,4.126468750000001,0.0,0.37143159722222224,156.0376388888889,1.2641058854166668e-07
12,259.8693194444444,3.919260416666667,0.0,0.36872499999999997,154.2450138888889,1.2760416666666665e-07
12,260.96901388888887,3.8847569444444447,0.0,0.3467927083333333,129.80555902777778,1.269226901041667e-07
12,260.9016770833333,6.499496527777778,0.0,0.2818631944444444,148.01838194444446,1.2955729166666667e-07
12,261.63585763888887,6.164725694444444,0.0,0.27129583333333335,144.66326736111108,1.2972005208333333e-07
12,262.41310933908045,3.962084722222222,0.0,0.3315225407088123,143.43384822796935,1.2820086718750003e-07
12,264.1333888888889,4.679552083333334,0.0,0.32996458333333334,144.78775000000002,1.305338541666667e-07
12,263.97954166666665,5.629479166666666,0.0,0.2688128472222222,132.29838194444443,1.332465260416667e-07
12,265.01334027777773,7.15065625,0.0,0.2638998263888889,136.80161805555556,1.290147578125e-07
12,266.15648263888886,5.48759375,0.0,0.20841493055555554,137.71022222222223,1.2288411458333335e-07
12,266.9140381944444,3.545329861111111,0.0,0.28250868055555556,129.20587847222222,1.3216145833333336e-07
12,267.33325694444443,3.8422222222222224,0.0,0.23942881944444444,125.35793055555555,1.3009982552083334e-07
12,266.33494444444443,4.218434027777778,0.0,0.22970694444444445,131.70693055555557,1.3563368229166668e-07
12,264.3431284722222,6.609166666666667,0.0,0.2935319444444444,118.84247222222221,1.3346354166666666e-07
12,261.8237986111111,4.447086805555555,0.0,0.4412208333333333,120.60862152777777,1.30011046875e-07
12,258.80787499999997,3.699791666666667,0.0,0.5891371527777778,138.57288888888888,1.1919487760416669e-07
12,259.34429861111107,3.5230104166666667,0.0,0.48048472222222216,112.04287152777778,1.2858072916666668e-07
12,261.326625,3.4944479166666667,0.0,0.28099340277777773,133.27704861111113,1.2847222135416668e-07
12,261.11095138888885,3.641673611111111,0.0,0.40620659722222224,127.89022916666667,1.23046875e-07
12,261.0023020833333,3.731298611111111,0.0,0.2951079861111111,140.26493749999997,1.1957465104166668e-07
12,262.29841666666664,4.38490625,0.0,0.216015625,137.66376736111113,1.2955729166666667e-07
12,261.9263958333333,5.852645833333334,0.0,0.2729239583333333,136.45144444444443,1.2912326302083332e-07
12,262.5185625,4.973934027777778,0.0,0.27762569444444446,131.87075347222225,1.2792968749999999e-07
12,260.90184374999995,6.163354166666666,0.0,0.3032111111111111,103.25584722222222,1.2543402864583335e-07
12,261.40891666666664,4.884482638888889,0.0,0.20859687499999996,118.03731944444445,1.3319227604166668e-07
12,259.50997916666665,5.539604166666667,0.0,0.4071163541666667,100.90946180555557,1.302083333333333e-07
12,258.25220138888886,6.705076388888889,0.0,0.23259444444444446,146.42115625000002,1.3585069270833332e-07
12,259.9025590277778,5.454170138888889,0.0,0.17849895833333335,143.89222222222222,1.331922734375e-07
12,260.0587430555555,3.907993055555555,0.0,0.3346572916666667,116.98375,1.2966579947916667e-07
12,256.5465972222222,5.213673611111111,0.0,0.5535430555555556,85.00370486111112,1.276930494791667e-07
12,257.8839236111111,6.9137048611111105,0.0,0.2710444444444444,147.39071875000002,1.447157109375e-07
