TIMESTAMP,air temperature [K],Soil temperature at - 0.00 m [K],Wind speed at 10 m (m/s),precipitation rain [m s^-1],Relative humidity at 5 m (%),Incoming shortwave radiation (W/m^2),precipitation snow [m SWE s^-1]_sd0.1,precipitation snow [m SWE s^-1]_sd0.2,precipitation snow [m SWE s^-1]_sd0.45,precipitation snow [m SWE s^-1]_sd0.04,precipitation snow [m SWE s^-1]_sd0.01
1,260.2196128472222,258.65785763888886,5.9599270833333335,0.0,0.25077673611111106,146.39405729166666,1.4816261574074074e-08,2.963252314814815e-08,6.667317708333332e-08,5.926504629629629e-09,1.4816261574074073e-09
1,260.3398767361111,259.0270086805555,4.961647569444445,0.0,0.2975142361111111,130.16196354166667,2.411261574074074e-10,4.822523148148148e-10,1.0850677083333332e-09,9.645046296296296e-11,2.411261574074074e-11
1,258.9461284722222,258.4508125,4.406385416666667,0.0,0.5231003472222222,105.2549375,1.4467592592592592e-10,2.8935185185185185e-10,6.510416666666667e-10,5.7870370370370374e-11,1.4467592592592594e-11
1,258.5904288194444,258.3455659722222,4.9069288194444445,0.0,0.45860815972222224,117.27283854166666,5.304780092592593e-10,1.0609560185185186e-09,2.3871510416666664e-09,2.1219120370370371e-10,5.304780092592593e-11
1,259.89013368055555,259.32775694444445,5.046729166666667,0.0,0.3278223958333333,144.49908333333332,2.8935185185185185e-10,5.787037037037037e-10,1.3020833333333334e-09,1.1574074074074075e-10,2.8935185185185187e-11
1,259.6484392361111,258.29377430555553,3.3172413194444443,0.0,0.44917899305555564,121.34646180555555,9.403935185185186e-10,1.880787037037037e-09,4.231770833333333e-09,3.7615740740740737e-10,9.403935185185184e-11
1,256.61607638888887,256.3287395833333,4.318909722222222,0.0,0.5166041666666668,131.79334548611112,6.269293981481482e-10,1.2538587962962964e-09,2.821182291666667e-09,2.507717592592593e-10,6.269293981481482e-11
1,256.35086805555557,255.60878124999996,3.8451215277777777,0.0,0.4175369791666667,136.31789062500002,7.957175925925925e-10,1.591435185185185e-09,3.580729166666666e-09,3.18287037037037e-10,7.957175925925926e-11
1,256.2627430555555,255.4385017361111,3.548407986111111,0.0,0.3694039930555556,140.13151909722222,7.957175925925925e-10,1.591435185185185e-09,3.580729166666666e-09,3.18287037037037e-10,7.957175925925926e-11
1,255.4483159722222,255.21005208333332,3.2527413194444446,2.8935185185185185e-10,0.4196407986111111,117.52483854166667,1.0370370370370369e-08,2.0740740740740738e-08,4.666666666666666e-08,4.148148148148148e-09,1.037037037037037e-09
1,254.9844270833333,254.8920034722222,3.810083333333333,0.0,0.49178038194444446,126.71947743055557,1.7939814814814816e-08,3.587962962962963e-08,8.072916666666667e-08,7.175925925925926e-09,1.7939814814814815e-09
1,255.77236111111108,254.52126215277775,2.5742569444444445,0.0,0.41025520833333334,141.30911284722222,1.9189814814814817e-08,3.8379629629629634e-08,8.635416666666666e-08,7.675925925925926e-09,1.9189814814814816e-09
1,257.6868871527778,256.63903124999996,4.261703125,0.0,0.39391788194444444,145.76873090277778,2.107638888888889e-08,4.215277777777778e-08,9.484375e-08,8.430555555555556e-09,2.107638888888889e-09
1,257.95694444444445,256.8943020833333,4.4953489583333335,0.0,0.34110624999999994,136.335140625,2.023148148148148e-08,4.046296296296296e-08,9.104166666666666e-08,8.092592592592592e-09,2.023148148148148e-09
1,257.1220659722222,256.1043055555555,5.391340277777777,0.0,0.38376163194444446,127.76304166666667,1.244212962962963e-08,2.488425925925926e-08,5.598958333333333e-08,4.976851851851852e-09,1.244212962962963e-09
1,257.6795486111111,256.1112743055555,7.896944444444444,0.0,0.24211440972222223,148.40189236111112,2.3842592592592596e-09,4.768518518518519e-09,1.0729166666666668e-08,9.537037037037037e-10,2.3842592592592594e-10
1,258.6763732638889,257.5073159722222,5.942496527777777,0.0,0.28589565972222225,146.29335416666666,2.4305555555555553e-09,4.8611111111111105e-09,1.09375e-08,9.722222222222221e-10,2.4305555555555553e-10
1,258.37119791666663,257.74064062499997,4.7832309027777775,0.0,0.3204265625,133.223484375,0.0,0.0,0.0,0.0,0.0
1,256.79499999999996,256.53441666666663,4.457600694444444,0.0,0.4796138888888889,118.68486458333334,6.849965277777778e-10,1.3699930555555556e-09,3.082484375e-09,2.7399861111111113e-10,6.849965277777778e-11
1,255.63023958333332,256.8408402777778,4.846479166666667,0.0,0.4601612847222222,113.09982465277778,5.063657407407408e-10,1.0127314814814816e-09,2.278645833333333e-09,2.025462962962963e-10,5.0636574074074074e-11
1,254.93717013888886,255.97399131944445,7.137663194444444,0.0,0.38199496527777776,138.6533611111111,5.063657407407408e-10,1.0127314814814816e-09,2.278645833333333e-09,2.025462962962963e-10,5.0636574074074074e-11
1,256.37543576388885,256.59597743055554,5.163640625,0.0,0.2966949479166667,165.25805729166666,6.99267361111111e-10,1.398534722222222e-09,3.1467031249999997e-09,2.7970694444444446e-10,6.992673611111111e-11
1,258.18121527777777,257.3918107638889,4.422380208333333,0.0,0.2939767361111111,158.91435069444444,1.2037037037037035e-09,2.407407407407407e-09,5.416666666666666e-09,4.814814814814815e-10,1.2037037037037037e-10
1,258.51394618055554,257.20256076388887,2.9208628472222222,2.8935185185185185e-10,0.3744763020833333,147.11975520833334,6.751539351851852e-10,1.3503078703703704e-09,3.0381927083333333e-09,2.7006157407407406e-10,6.751539351851852e-11
1,259.6225190972222,258.02507638888886,5.570303819444444,0.0,0.3055041666666667,168.73088715277777,8.680555555555555e-10,1.736111111111111e-09,3.90625e-09,3.4722222222222225e-10,8.680555555555556e-11
1,259.2660486111111,258.2397795138889,3.9875520833333336,0.0,0.3276135416666667,155.07832291666668,9.886192129629629e-10,1.9772384259259257e-09,4.448786458333333e-09,3.9544768518518515e-10,9.886192129629629e-11
1,259.3867309027778,258.9566788194444,5.040628472222222,0.0,0.4504748263888889,148.81915104166666,8.198298611111111e-10,1.6396597222222223e-09,3.689234375e-09,3.2793194444444446e-10,8.198298611111112e-11
1,257.9671423611111,257.20651215277775,5.045513888888889,0.0,0.47754479166666663,134.91768055555553,2.5578703703703707e-09,5.1157407407407414e-09,1.1510416666666667e-08,1.0231481481481483e-09,2.557870370370371e-10
1,257.4141319444444,256.2688263888889,5.494854166666666,0.0,0.48332378472222226,146.02704166666666,2.011574074074074e-08,4.023148148148148e-08,9.052083333333332e-08,8.046296296296295e-09,2.011574074074074e-09
1,255.77010416666664,254.71498437499997,5.994001736111111,0.0,0.4984112847222222,107.0077951388889,1.613425925925926e-08,3.226851851851852e-08,7.260416666666666e-08,6.453703703703704e-09,1.613425925925926e-09
1,256.38752604166666,254.89575868055553,4.9551388888888885,0.0,0.36541875,172.17297048611113,5.810185185185185e-09,1.162037037037037e-08,2.6145833333333333e-08,2.324074074074074e-09,5.810185185185185e-10
2,258.7910225694444,257.32852256944443,5.4185590277777775,0.0,0.41832881944444444,186.89622569444444,5.034722222222222e-09,1.0069444444444444e-08,2.2656249999999998e-08,2.0138888888888886e-09,5.034722222222221e-10
2,259.4757395833333,257.8443385416666,4.482512152777778,0.0,0.3350111111111111,164.1365295138889,3.6458333333333333e-09,7.291666666666667e-09,1.640625e-08,1.4583333333333334e-09,3.6458333333333334e-10
2,258.3675052083333,257.29121701388885,5.172171875,0.0,0.2800970486111111,174.38019791666667,2.5578703703703707e-09,5.1157407407407414e-09,1.1510416666666667e-08,1.0231481481481483e-09,2.557870370370371e-10
2,258.5456805555555,257.6139270833333,5.276864583333333,0.0,0.30056875,173.62916666666666,2.6273148148148147e-09,5.254629629629629e-09,1.1822916666666665e-08,1.0509259259259259e-09,2.6273148148148147e-10
2,260.3427708333333,259.4783072916666,4.890661458333334,0.0,0.3016758680555556,147.92453472222223,4.363425925925926e-09,8.726851851851852e-09,1.9635416666666665e-08,1.7453703703703703e-09,4.3634259259259256e-10
2,260.81631076388885,260.3526927083333,5.120954861111111,0.0,0.31885902777777775,157.46922569444445,5.1157407407407414e-09,1.0231481481481483e-08,2.3020833333333334e-08,2.0462962962962967e-09,5.115740740740742e-10
2,259.3714513888889,258.59193055555556,4.721354166666666,0.0,0.4191880902777778,145.10249305555556,3.5185185185185187e-09,7.037037037037037e-09,1.5833333333333333e-08,1.4074074074074076e-09,3.518518518518519e-10
2,259.44505729166667,258.58875868055554,3.5426319444444445,0.0,0.45324592013888887,149.75610416666666,4.9884259259259256e-09,9.976851851851851e-09,2.2447916666666665e-08,1.9953703703703702e-09,4.988425925925926e-10
2,257.48624826388885,257.13687673611105,4.9203020833333335,2.8935185185185185e-10,0.5080147569444444,160.83214409722223,1.0300925925925925e-08,2.060185185185185e-08,4.6354166666666664e-08,4.12037037037037e-09,1.0300925925925926e-09
2,257.4537604166666,256.8239791666666,4.745138888888889,0.0,0.37591284722222224,178.70918923611111,1.2245370370370371e-08,2.4490740740740742e-08,5.5104166666666666e-08,4.898148148148149e-09,1.2245370370370372e-09
2,259.72376562499994,258.2340538194444,5.602065972222222,0.0,0.30235364583333335,192.5206909722222,1.0034722222222223e-08,2.0069444444444446e-08,4.5156250000000004e-08,4.0138888888888895e-09,1.0034722222222224e-09
2,259.32522569444444,259.5607222222222,4.4842690972222226,0.0,0.3462091493055556,195.21680381944444,1.0682870370370371e-08,2.1365740740740742e-08,4.807291666666667e-08,4.273148148148148e-09,1.068287037037037e-09
2,260.19348437499997,261.2020954861111,5.127604166666667,0.0,0.3803288715277778,161.88378125,6.215277777777778e-09,1.2430555555555555e-08,2.7968749999999997e-08,2.486111111111111e-09,6.215277777777778e-10
2,260.3002447916666,260.94188888888885,4.868295138888889,2.8935185185185185e-10,0.3446839583333333,186.92025694444445,3.9120370370370375e-09,7.824074074074075e-09,1.7604166666666668e-08,1.5648148148148149e-09,3.912037037037037e-10
2,261.27954166666666,261.5960104166666,5.491571180555556,0.0,0.2906345486111111,183.52709027777777,9.886192129629629e-10,1.9772384259259257e-09,4.448786458333333e-09,3.9544768518518515e-10,9.886192129629629e-11
2,261.42829861111113,261.92215104166667,4.259923611111111,0.0,0.4301331597222222,151.32512152777778,2.1180555555555554e-09,4.236111111111111e-09,9.53125e-09,8.472222222222222e-10,2.1180555555555556e-10
2,259.7234565972222,261.49984722222223,5.12721875,8.680555555555556e-10,0.5624288194444444,169.18798263888888,1.423611111111111e-09,2.847222222222222e-09,6.40625e-09,5.694444444444444e-10,1.423611111111111e-10
2,260.3770503472222,261.12844618055556,5.807142361111111,0.0,0.43367548611111106,192.50692881944445,3.0671296296296296e-09,6.134259259259259e-09,1.3802083333333332e-08,1.226851851851852e-09,3.06712962962963e-10
2,260.0668402777777,260.1212534722222,4.285140625,2.8935185185185185e-10,0.33032690972222223,195.63584548611112,3.738425925925926e-09,7.476851851851852e-09,1.6822916666666666e-08,1.4953703703703703e-09,3.7384259259259257e-10
2,259.80279340277775,260.8520659722222,4.277258680555556,0.0,0.4692012152777778,160.22776909722222,1.6203703703703704e-09,3.2407407407407408e-09,7.291666666666667e-09,6.481481481481482e-10,1.6203703703703704e-10
2,257.35095486111106,259.8249079861111,3.9495659722222225,1.4467592592592592e-09,0.5942038194444444,182.5263263888889,2.5578703703703707e-09,5.1157407407407414e-09,1.1510416666666667e-08,1.0231481481481483e-09,2.557870370370371e-10
2,258.90567708333333,259.02912499999996,3.9930086805555556,5.787037037037037e-10,0.46825763888888894,196.37147048611112,9.74537037037037e-09,1.949074074074074e-08,4.385416666666667e-08,3.898148148148148e-09,9.74537037037037e-10
2,258.4435972222222,259.24001215277775,4.194399305555556,2.8935185185185185e-10,0.6200706597222223,167.32080902777778,1.7002314814814815e-08,3.400462962962963e-08,7.651041666666667e-08,6.800925925925926e-09,1.7002314814814815e-09
2,257.7150677083333,259.03455381944445,3.510973958333333,2.8935185185185185e-10,0.6823668402777778,189.4184826388889,3.380787037037037e-08,6.761574074074074e-08,1.5213541666666666e-07,1.3523148148148148e-08,3.380787037037037e-09
2,258.23610937499996,259.87001562499995,4.114420138888889,0.0,0.40835086805555554,214.701546875,3.6967592592592594e-08,7.393518518518519e-08,1.6635416666666668e-07,1.4787037037037039e-08,3.6967592592592597e-09
2,259.7701788194444,260.3873454861111,3.3439861111111107,0.0,0.43642899305555555,221.38913715277778,3.462962962962963e-08,6.925925925925926e-08,1.5583333333333333e-07,1.3851851851851851e-08,3.4629629629629628e-09
2,260.5166649305555,261.0092638888889,4.106786458333334,0.0,0.5467505208333333,207.3043871527778,3.358796296296296e-08,6.717592592592592e-08,1.5114583333333332e-07,1.3435185185185186e-08,3.3587962962962964e-09
2,261.1668732638889,262.40129687499996,4.279565972222223,2.8935185185185185e-10,0.5510131944444444,193.13794444444443,3.1828703703703704e-08,6.365740740740741e-08,1.4322916666666666e-07,1.2731481481481482e-08,3.1828703703703705e-09
2,264.9181805555555,265.23101388888887,4.931125,0.0,0.2172152777777778,249.90300694444446,2.922453703703704e-08,5.844907407407408e-08,1.3151041666666667e-07,1.1689814814814816e-08,2.922453703703704e-09
3,260.88031770833334,261.8683038194444,4.679131944444444,0.0,0.5500991319444444,198.53002256944447,2.7644675925925926e-08,5.528935185185185e-08,1.2440104166666667e-07,1.1057870370370371e-08,2.7644675925925928e-09
3,262.58509375,262.7255017361111,6.180020833333334,0.0,0.38743519097222223,238.44115277777777,2.1495949074074073e-08,4.2991898148148146e-08,9.673177083333332e-08,8.59837962962963e-09,2.1495949074074075e-09
3,263.576953125,263.1178142361111,4.811092013888889,0.0,0.30976701388888894,220.48872395833334,1.793113425925926e-08,3.586226851851852e-08,8.069010416666666e-08,7.172453703703703e-09,1.7931134259259258e-09
3,261.69239756944444,262.33819618055554,5.103130208333333,5.787037037037037e-10,0.49774739583333333,197.7450746527778,2.029224537037037e-08,4.058449074074074e-08,9.131510416666666e-08,8.116898148148148e-09,2.029224537037037e-09
3,261.11295138888886,263.06281249999995,4.604395833333333,0.0,0.6952934027777778,190.22472916666666,2.730034722222222e-08,5.460069444444444e-08,1.228515625e-07,1.0920138888888889e-08,2.7300347222222222e-09
3,261.6383055555555,264.385890625,3.941854166666667,2.8935185185185185e-10,0.6688135416666667,214.03372222222222,4.967592592592593e-08,9.935185185185185e-08,2.2354166666666666e-07,1.987037037037037e-08,4.967592592592593e-09
3,261.1582760416666,263.5484878472222,3.911623263888889,0.0,0.5861786111111111,221.95363194444445,6.675347222222222e-08,1.3350694444444445e-07,3.00390625e-07,2.670138888888889e-08,6.675347222222222e-09
3,260.98165625,262.40869444444445,3.98578125,0.0,0.5152567708333333,245.3516128472222,7.700231481481482e-08,1.5400462962962965e-07,3.465104166666667e-07,3.080092592592593e-08,7.700231481481483e-09
3,260.65013541666667,261.2990052083333,3.8664131944444446,0.0,0.5261326388888888,219.60014930555556,8.018807870370369e-08,1.6037615740740738e-07,3.6084635416666666e-07,3.2075231481481484e-08,8.018807870370371e-09
3,260.9619236111111,261.68679166666664,3.570907986111111,0.0,0.5380881944444444,213.85341493055554,7.70630787037037e-08,1.541261574074074e-07,3.4678385416666664e-07,3.082523148148148e-08,7.70630787037037e-09
3,261.9131684027777,263.0569982638889,3.6792725694444446,2.8935185185185185e-10,0.46418489583333333,234.30475694444445,8.362557870370371e-08,1.6725115740740742e-07,3.7631510416666665e-07,3.345023148148148e-08,8.36255787037037e-09
3,262.55360590277775,262.86960416666665,4.108760416666667,0.0,0.4948869791666667,218.45638541666668,1.130150462962963e-07,2.260300925925926e-07,5.085677083333333e-07,4.520601851851852e-08,1.130150462962963e-08
3,262.52954340277773,263.6050347222222,3.6496927083333333,0.0,0.5251078124999999,233.45109201388888,1.3995370370370371e-07,2.7990740740740743e-07,6.297916666666665e-07,5.598148148148148e-08,1.399537037037037e-08
3,263.83387673611105,264.4059652777778,3.0630607638888887,0.0,0.565278125,223.57004340277777,1.3676215277777777e-07,2.7352430555555555e-07,6.154296874999999e-07,5.4704861111111106e-08,1.3676215277777777e-08
3,264.8145798611111,265.82021875,3.6489895833333335,0.0,0.6077522569444445,221.68764756944444,1.5062210648148148e-07,3.0124421296296295e-07,6.777994791666667e-07,6.02488425925926e-08,1.506221064814815e-08
3,264.1054184027778,265.4294461805555,3.55765625,6.655092592592592e-09,0.6521803819444445,184.03159895833332,1.4036168981481484e-07,2.807233796296297e-07,6.316276041666666e-07,5.614467592592593e-08,1.4036168981481482e-08
3,263.14373090277775,264.72683680555554,4.1860052083333334,5.497685185185185e-09,0.6312265625,241.7060295138889,1.310011574074074e-07,2.620023148148148e-07,5.895052083333334e-07,5.2400462962962966e-08,1.3100115740740742e-08
3,264.36773611111107,264.2023506944444,4.070763888888889,0.0,0.5419939236111111,224.92306770833335,1.3100983796296296e-07,2.620196759259259e-07,5.895442708333332e-07,5.2403935185185185e-08,1.3100983796296296e-08
3,264.95814930555554,264.7959774305555,4.678637152777778,0.0,0.5267753472222223,237.56614583333334,1.3301215277777778e-07,2.6602430555555556e-07,5.985546875e-07,5.320486111111111e-08,1.3301215277777778e-08
3,263.9060815972222,264.427765625,4.465977430555555,2.025462962962963e-09,0.5669026041666667,225.51012847222222,1.4316840277777776e-07,2.8633680555555553e-07,6.442578125e-07,5.7267361111111114e-08,1.4316840277777778e-08
3,263.56926215277775,264.6005642361111,3.87378125,8.680555555555556e-10,0.6799043402777778,231.80225347222222,1.6921296296296297e-07,3.3842592592592595e-07,7.614583333333333e-07,6.76851851851852e-08,1.69212962962963e-08
3,263.1565069444444,264.31652256944443,5.800822916666666,0.0,0.5838203125,204.00064583333332,1.676880787037037e-07,3.353761574074074e-07,7.545963541666666e-07,6.707523148148148e-08,1.676880787037037e-08
3,262.3001770833333,264.5083090277777,5.38965625,0.0,0.6739942708333333,239.05453819444443,1.63828125e-07,3.2765625e-07,7.372265625e-07,6.553125e-08,1.63828125e-08
3,261.7238315972222,263.92966493055553,4.202956597222222,0.0,0.5757208333333333,276.5826944444444,1.6344907407407406e-07,3.2689814814814813e-07,7.355208333333334e-07,6.537962962962963e-08,1.6344907407407408e-08
3,262.9678020833333,264.00488194444443,4.66296875,0.0,0.4551565972222222,302.7489635416667,1.7243344907407407e-07,3.4486689814814814e-07,7.759505208333333e-07,6.897337962962962e-08,1.7243344907407406e-08
3,265.6687916666666,264.5142482638889,3.9975364583333333,0.0,0.3410592013888889,293.4763784722222,1.604861111111111e-07,3.209722222222222e-07,7.221875e-07,6.419444444444444e-08,1.604861111111111e-08
3,267.22094444444446,265.45018229166664,5.501475694444444,0.0,0.36349375,248.827609375,1.4250578703703703e-07,2.8501157407407406e-07,6.412760416666667e-07,5.7002314814814816e-08,1.4250578703703704e-08
3,267.37194618055554,266.5524982638889,4.607423611111111,8.680555555555555e-10,0.4424909722222222,265.7646684027778,1.404513888888889e-07,2.809027777777778e-07,6.3203125e-07,5.618055555555556e-08,1.404513888888889e-08
3,266.0090989583333,266.6354322916667,5.443234375,2.8935185185185185e-10,0.5861109375000001,209.60371874999998,1.4769386574074075e-07,2.953877314814815e-07,6.646223958333333e-07,5.9077546296296296e-08,1.4769386574074074e-08
3,265.18688715277773,265.4359670138889,3.914296875,8.680555555555556e-10,0.5841468750000001,254.46812673611112,1.3624421296296297e-07,2.7248842592592594e-07,6.130989583333333e-07,5.4497685185185184e-08,1.3624421296296296e-08
3,267.36206076388885,265.08893229166665,4.378798611111111,2.8935185185185185e-10,0.42212239583333333,279.69950694444447,1.342158564814815e-07,2.68431712962963e-07,6.039713541666667e-07,5.368634259259259e-08,1.3421585648148148e-08
4,269.8514930555555,266.44205902777776,4.8144809027777775,2.8935185185185185e-10,0.31473402777777776,285.7587986111111,1.2591145833333334e-07,2.518229166666667e-07,5.666015624999999e-07,5.036458333333333e-08,1.2591145833333332e-08
4,270.18936979166665,268.4818628472222,4.189434027777778,0.0,0.4523217013888889,247.38350520833336,1.2637731481481483e-07,2.5275462962962965e-07,5.686979166666667e-07,5.0550925925925927e-08,1.2637731481481482e-08
4,269.2831145833333,269.3017743055555,4.323180555555556,5.497685185185185e-09,0.6479225694444444,220.63072743055557,1.6409722222222222e-07,3.2819444444444444e-07,7.384375e-07,6.56388888888889e-08,1.6409722222222224e-08
4,268.0318142361111,267.7453003472222,3.9047135416666667,2.8935185185185185e-10,0.5813024305555555,241.32652777777778,1.4485243055555557e-07,2.8970486111111115e-07,6.518359375e-07,5.794097222222223e-08,1.4485243055555558e-08
4,267.3683489583333,266.2565503472222,5.878973958333334,1.1574074074074074e-09,0.5127920138888888,232.50372916666666,1.2646122685185186e-07,2.529224537037037e-07,5.690755208333334e-07,5.0584490740740744e-08,1.2646122685185186e-08
4,267.91849131944446,267.0995625,4.0671736111111105,3.761574074074074e-09,0.45397760416666666,280.7504739583334,1.1298900462962964e-07,2.2597800925925928e-07,5.084505208333334e-07,4.5195601851851855e-08,1.1298900462962964e-08
4,267.35249479166663,267.780921875,4.045862847222223,1.1574074074074074e-09,0.56356703125,243.92498437499998,1.0195023148148148e-07,2.0390046296296296e-07,4.5877604166666667e-07,4.0780092592592596e-08,1.0195023148148149e-08
4,268.5453975694444,268.89154340277776,3.472184027777778,3.1828703703703705e-09,0.6243696180555556,220.57085243055556,9.916377314814815e-08,1.983275462962963e-07,4.4623697916666665e-07,3.966550925925926e-08,9.916377314814815e-09
4,268.82011805555555,269.38676215277775,3.899661458333333,2.0254629629629627e-09,0.5976602430555555,215.51607465277777,1.0394965277777778e-07,2.0789930555555556e-07,4.677734375e-07,4.157986111111111e-08,1.0394965277777778e-08
4,267.46511979166667,269.5845486111111,4.722756944444445,2.604166666666667e-09,0.5870274305555555,279.9210885416667,1.2417534722222222e-07,2.4835069444444443e-07,5.587890625e-07,4.967013888888889e-08,1.2417534722222222e-08
4,268.24087326388883,269.4172552083333,3.168255208333333,2.8935185185185185e-10,0.5618828124999999,216.442546875,1.4995370370370367e-07,2.9990740740740734e-07,6.747916666666665e-07,5.998148148148148e-08,1.499537037037037e-08
4,265.6166875,268.3489409722222,4.588189236111111,3.269675925925926e-08,0.7336552083333333,231.81839409722224,1.7094039351851851e-07,3.4188078703703703e-07,7.692317708333333e-07,6.83761574074074e-08,1.709403935185185e-08
4,265.5253940972222,268.74860763888887,5.00625,2.8935185185185185e-10,0.6990383680555555,213.98323784722223,1.4246238425925925e-07,2.849247685185185e-07,6.410807291666666e-07,5.69849537037037e-08,1.4246238425925925e-08
4,266.64435243055556,268.5978368055555,4.237335069444445,1.736111111111111e-09,0.6494354861111111,248.7869861111111,1.4708043981481483e-07,2.9416087962962965e-07,6.618619791666667e-07,5.8832175925925933e-08,1.4708043981481483e-08
4,265.88190104166665,268.9409201388889,4.0592829861111115,5.787037037037037e-09,0.7337611111111111,304.5132864583333,1.937528935185185e-07,3.87505787037037e-07,8.718880208333333e-07,7.750115740740742e-08,1.9375289351851854e-08
4,267.5136319444444,268.6104756944444,5.218902777777777,5.787037037037037e-10,0.47775364583333335,322.224078125,2.0081597222222224e-07,4.016319444444445e-07,9.03671875e-07,8.03263888888889e-08,2.0081597222222225e-08
4,270.97835416666663,268.37485763888884,5.200286458333333,0.0,0.3340578125,348.9009774305556,1.719994212962963e-07,3.439988425925926e-07,7.739973958333333e-07,6.879976851851852e-08,1.719994212962963e-08
4,274.0534201388889,269.46137152777777,6.437357638888889,2.8935185185185185e-10,0.3371546875,302.1209010416667,1.5160300925925925e-07,3.032060185185185e-07,6.822135416666666e-07,6.06412037037037e-08,1.5160300925925925e-08
4,268.045421875,269.9343975694444,4.956267361111111,1.4467592592592592e-09,0.7115447916666667,201.26463888888887,1.4643518518518518e-07,2.9287037037037036e-07,6.589583333333333e-07,5.857407407407408e-08,1.464351851851852e-08
4,267.59388715277777,269.57014930555556,3.3346388888888887,4.3402777777777775e-09,0.7492059027777778,249.80842708333333,1.4860243055555556e-07,2.9720486111111113e-07,6.687109375e-07,5.9440972222222224e-08,1.4860243055555556e-08
4,269.0546163194444,270.15736458333333,2.948654513888889,9.837962962962962e-09,0.7800291666666668,272.2115972222222,1.45546875e-07,2.9109375e-07,6.549609375e-07,5.821875e-08,1.45546875e-08
4,269.0795833333333,270.50798263888885,3.838199652777778,6.076388888888889e-09,0.7080164930555556,243.4158263888889,1.3974537037037037e-07,2.7949074074074075e-07,6.288541666666667e-07,5.589814814814815e-08,1.3974537037037037e-08
4,269.158734375,270.8307222222222,3.417576388888889,3.761574074074074e-09,0.6995116319444444,291.26571180555555,1.3684895833333334e-07,2.736979166666667e-07,6.158203125e-07,5.4739583333333334e-08,1.3684895833333334e-08
4,269.49413541666667,271.1847552083333,3.8319131944444447,4.6296296296296295e-09,0.7090258680555556,290.06042708333337,1.395515046296296e-07,2.791030092592592e-07,6.279817708333333e-07,5.582060185185185e-08,1.3955150462962963e-08
4,269.43610590277774,271.7639722222222,3.6523819444444445,6.365740740740741e-09,0.720556423611111,234.20470833333334,1.5091435185185185e-07,3.018287037037037e-07,6.791145833333332e-07,6.036574074074074e-08,1.5091435185185184e-08
4,269.0150972222222,271.21931770833334,3.2383229166666667,2.3148148148148148e-09,0.7553796875000001,273.6629444444444,1.902517361111111e-07,3.805034722222222e-07,8.561328124999999e-07,7.610069444444444e-08,1.902517361111111e-08
4,269.8954010416667,271.2074010416667,3.530189236111111,2.604166666666667e-09,0.6775029513888889,281.44252951388887,2.2265914351851852e-07,4.4531828703703704e-07,1.0019661458333333e-06,8.90636574074074e-08,2.226591435185185e-08
4,270.34171354166665,271.01673958333333,3.795321180555556,1.0416666666666667e-08,0.69415625,311.81093229166663,2.2246527777777776e-07,4.449305555555555e-07,1.00109375e-06,8.898611111111111e-08,2.224652777777778e-08
4,268.7732847222222,271.55777430555554,4.309569444444445,1.1863425925925927e-08,0.8125256944444444,252.0844375,2.3570023148148147e-07,4.7140046296296294e-07,1.0606510416666666e-06,9.42800925925926e-08,2.357002314814815e-08
4,269.1477361111111,271.6119166666666,3.771154513888889,8.391203703703704e-09,0.8087640625,264.4583454861111,2.3560474537037037e-07,4.7120949074074074e-07,1.0602213541666666e-06,9.424189814814815e-08,2.3560474537037036e-08
5,270.69388715277773,271.80249999999995,4.094532986111111,1.1574074074074074e-09,0.6233972222222223,309.43599305555557,2.3080729166666666e-07,4.616145833333333e-07,1.0386328125e-06,9.232291666666666e-08,2.3080729166666666e-08
5,269.78144444444445,272.1585190972222,4.279314236111111,1.7361111111111113e-09,0.6751647569444444,294.1500902777778,2.8754629629629627e-07,5.750925925925925e-07,1.2939583333333335e-06,1.1501851851851853e-07,2.8754629629629632e-08
5,271.86893402777775,272.6054131944444,4.9564635416666665,0.0,0.5577831597222223,349.85133333333334,2.680613425925926e-07,5.361226851851852e-07,1.2062760416666666e-06,1.0722453703703704e-07,2.680613425925926e-08
5,271.1485607638889,272.6160954861111,5.69303125,1.1863425925925925e-08,0.596967361111111,230.307734375,2.3902199074074074e-07,4.780439814814815e-07,1.0755989583333335e-06,9.56087962962963e-08,2.3902199074074075e-08
5,268.99298263888886,272.19275694444445,4.227479166666667,6.36574074074074e-09,0.7947,274.87807986111113,2.2224247685185184e-07,4.444849537037037e-07,1.0000911458333334e-06,8.889699074074074e-08,2.2224247685185184e-08
5,269.3381163194444,272.2275017361111,4.113045138888889,2.0833333333333335e-08,0.8735822916666667,269.56466319444445,2.486545138888889e-07,4.973090277777777e-07,1.1189453125e-06,9.946180555555556e-08,2.486545138888889e-08
5,269.62119965277776,272.22933854166666,3.8229479166666667,1.4467592592592594e-09,0.7850350694444445,296.03104340277775,3.1515625e-07,6.303125e-07,1.4182031249999998e-06,1.260625e-07,3.1515625e-08
5,270.31907291666664,272.0506458333333,4.081921875,3.761574074074074e-09,0.7353151041666667,263.77171006944445,3.1453125e-07,6.290625e-07,1.4153906249999998e-06,1.258125e-07,3.1453125e-08
5,269.2631631944444,272.41286111111106,4.281248263888889,1.070601851851852e-08,0.7105034722222222,308.65533506944445,2.995688657407407e-07,5.991377314814814e-07,1.3480598958333332e-06,1.1982754629629628e-07,2.995688657407407e-08
5,270.1277690972222,272.83203993055554,4.698541666666666,1.736111111111111e-09,0.6673178819444445,312.97671180555557,2.913686342592592e-07,5.827372685185184e-07,1.3111588541666665e-06,1.165474537037037e-07,2.9136863425925926e-08
5,270.7226614583333,272.5792881944444,5.538085069444445,0.0,0.5693529513888889,324.15318576388887,2.831857638888889e-07,5.663715277777778e-07,1.2743359375e-06,1.1327430555555555e-07,2.8318576388888887e-08
5,271.8141059027778,272.5717534722222,4.011960069444445,0.0,0.4884642361111111,368.14957118055554,2.423842592592593e-07,4.847685185185186e-07,1.0907291666666667e-06,9.695370370370371e-08,2.423842592592593e-08
5,271.98873611111105,272.6155416666667,5.774890624999999,2.8935185185185185e-10,0.5875116319444444,264.03152083333333,2.3657407407407408e-07,4.7314814814814816e-07,1.0645833333333332e-06,9.462962962962963e-08,2.3657407407407408e-08
5,271.4981475694444,272.62221701388887,5.294821180555555,0.0,0.5362571180555555,334.432921875,2.3718171296296299e-07,4.7436342592592597e-07,1.0673177083333333e-06,9.487268518518519e-08,2.3718171296296297e-08
5,272.21776562499997,273.34052604166664,4.376930555555556,7.233796296296296e-09,0.5558532986111111,311.7861805555556,2.1962094907407407e-07,4.3924189814814814e-07,9.882942708333331e-07,8.784837962962962e-08,2.1962094907407406e-08
5,272.49042881944445,272.9403350694444,3.7807135416666666,1.707175925925926e-08,0.6599185763888888,311.6150503472222,1.9958333333333334e-07,3.991666666666667e-07,8.98125e-07,7.983333333333334e-08,1.9958333333333335e-08
5,273.71090451388886,273.52837326388885,3.734036458333333,4.340277777777778e-09,0.6526296874999999,288.4957673611111,1.7015914351851852e-07,3.4031828703703704e-07,7.657161458333333e-07,6.806365740740741e-08,1.7015914351851852e-08
5,273.69542013888884,273.0940034722222,3.8740625,4.918981481481482e-09,0.6502461805555555,227.66485243055556,1.1644965277777778e-07,2.3289930555555556e-07,5.240234374999999e-07,4.657986111111111e-08,1.1644965277777778e-08
5,274.7028975694444,274.78546874999995,3.32646875,4.340277777777778e-09,0.5145288194444444,330.6425243055555,5.739583333333333e-08,1.1479166666666666e-07,2.5828125e-07,2.2958333333333332e-08,5.739583333333333e-09
5,272.9308732638889,273.6603645833333,3.8695746527777777,5.237268518518518e-08,0.7513505208333333,232.84315798611112,5.4837962962962964e-08,1.0967592592592593e-07,2.4677083333333334e-07,2.1935185185185186e-08,5.483796296296296e-09
5,270.6188055555555,272.883796875,4.3729097222222215,6.944444444444444e-09,0.7969614583333333,253.36586631944445,1.4758391203703705e-07,2.951678240740741e-07,6.641276041666666e-07,5.903356481481481e-08,1.4758391203703702e-08
5,270.59803124999996,272.8145381944444,3.3720347222222222,2.025462962962963e-09,0.7500760416666666,274.91901909722225,1.5405381944444445e-07,3.081076388888889e-07,6.932421875e-07,6.162152777777777e-08,1.5405381944444443e-08
5,271.31404340277777,273.3281475694444,3.4160399305555553,1.5046296296296297e-08,0.8349838541666667,309.2544375,1.2804976851851852e-07,2.5609953703703703e-07,5.762239583333333e-07,5.121990740740741e-08,1.2804976851851852e-08
5,272.07503125,274.41218749999996,4.094404513888889,9.259259259259259e-09,0.7825442708333333,276.11873784722223,1.3313368055555555e-07,2.662673611111111e-07,5.991015624999999e-07,5.325347222222222e-08,1.3313368055555556e-08
5,269.92114062499996,273.19906944444443,3.6746284722222224,8.680555555555557e-09,0.7981498263888889,219.39805381944444,1.1032407407407407e-07,2.2064814814814814e-07,4.964583333333333e-07,4.412962962962963e-08,1.1032407407407407e-08
5,270.57323263888884,272.56147916666663,3.1078315972222224,2.3148148148148148e-09,0.6350701388888889,283.3507916666667,7.618634259259259e-08,1.5237268518518518e-07,3.4283854166666667e-07,3.047453703703704e-08,7.61863425925926e-09
5,272.87163368055553,273.2124114583333,3.087407986111111,4.918981481481482e-09,0.6481784722222222,290.77553125,3.493923611111111e-08,6.987847222222222e-08,1.5722656249999998e-07,1.3975694444444443e-08,3.4939236111111108e-09
5,274.5777083333333,274.7479618055555,3.3633906250000005,4.6296296296296295e-09,0.5467694444444444,261.9931128472222,9.43287037037037e-09,1.886574074074074e-08,4.244791666666667e-08,3.773148148148148e-09,9.43287037037037e-10
5,273.1495798611111,274.0163159722222,4.053210069444445,6.944444444444444e-09,0.7197055555555556,242.53367187499998,2.2245370370370368e-08,4.4490740740740736e-08,1.0010416666666667e-07,8.898148148148147e-09,2.224537037037037e-09
5,272.83984201388887,274.3650416666666,3.4569201388888886,2.9513888888888888e-08,0.7523821180555555,293.2478263888889,3.741319444444444e-08,7.482638888888888e-08,1.68359375e-07,1.4965277777777778e-08,3.741319444444444e-09
5,273.2508472222222,273.88214756944444,4.805991319444445,1.273148148148148e-08,0.7479208333333334,248.09898611111112,1.0546874999999998e-08,2.1093749999999997e-08,4.7460937499999996e-08,4.218749999999999e-09,1.0546874999999998e-09
6,273.92481076388884,275.2457274305556,4.211737847222222,2.170138888888889e-08,0.718978125,242.55339236111115,7.378472222222222e-09,1.4756944444444444e-08,3.3203125e-08,2.951388888888889e-09,7.378472222222223e-10
6,272.31885069444445,273.8417083333333,4.311538194444444,1.736111111111111e-08,0.7867256944444444,225.09176041666666,1.2589699074074076e-08,2.517939814814815e-08,5.6653645833333336e-08,5.0358796296296295e-09,1.2589699074074074e-09
6,272.66550868055555,273.8602065972222,4.225505208333333,2.1701388888888887e-08,0.7331223958333334,302.3290572916667,5.3078703703703706e-08,1.0615740740740741e-07,2.388541666666667e-07,2.123148148148148e-08,5.30787037037037e-09
6,273.1215486111111,273.34468402777776,4.458390625,1.5625000000000003e-08,0.7835651041666667,283.6286440972222,1.1692418981481481e-07,2.3384837962962962e-07,5.261588541666666e-07,4.676967592592593e-08,1.1692418981481482e-08
6,274.46152430555554,275.29420312499997,4.234194444444444,1.1574074074074074e-08,0.721928125,272.7822465277778,1.4553240740740742e-07,2.9106481481481484e-07,6.548958333333334e-07,5.8212962962962966e-08,1.4553240740740742e-08
6,272.7069392361111,274.0101736111111,2.591685763888889,3.3854166666666665e-08,0.8432293402777777,248.23049999999998,1.4918981481481482e-07,2.9837962962962964e-07,6.713541666666666e-07,5.967592592592592e-08,1.491898148148148e-08
6,273.1010572916666,274.9713663194444,2.7384097222222223,4.427083333333333e-08,0.8038024305555556,267.7115381944444,1.5398148148148148e-07,3.0796296296296297e-07,6.929166666666667e-07,6.159259259259259e-08,1.5398148148148148e-08
6,274.0315642361111,275.2093975694444,3.133826388888889,7.8125e-09,0.7360769097222222,275.69633854166665,1.5063078703703703e-07,3.0126157407407407e-07,6.778385416666666e-07,6.025231481481482e-08,1.5063078703703705e-08
6,273.6011770833333,275.40926388888886,4.151220486111111,3.038194444444444e-08,0.7490576388888889,271.15132812499996,1.6340567129629628e-07,3.2681134259259256e-07,7.353255208333334e-07,6.536226851851852e-08,1.634056712962963e-08
6,274.6115208333333,275.3555190972222,3.5056961805555558,1.7650462962962966e-08,0.6942888888888888,293.9806684027778,1.3320601851851852e-07,2.6641203703703704e-07,5.994270833333333e-07,5.328240740740741e-08,1.3320601851851853e-08
6,274.6436111111111,274.60985416666665,3.6089930555555556,3.587962962962963e-08,0.7675689236111112,282.41420659722223,1.1054108796296295e-07,2.210821759259259e-07,4.974348958333333e-07,4.4216435185185185e-08,1.1054108796296296e-08
6,277.23072395833333,277.55819444444444,3.3180902777777774,2.8935185185185185e-10,0.5995944444444444,322.04885590277775,7.66261574074074e-08,1.532523148148148e-07,3.4481770833333334e-07,3.065046296296297e-08,7.662615740740742e-09
6,277.2359375,277.7515138888889,4.310717013888889,1.4467592592592594e-09,0.6610609375,252.05305902777778,3.945312499999999e-08,7.890624999999999e-08,1.775390625e-07,1.578125e-08,3.9453125e-09
6,274.9631909722222,275.66093576388886,5.187203125,6.655092592592593e-08,0.7944348958333334,205.92863541666668,1.9386574074074074e-08,3.877314814814815e-08,8.723958333333333e-08,7.75462962962963e-09,1.9386574074074074e-09
6,274.9318865301724,274.65936097940613,3.732476843869732,2.6909722222222222e-08,0.7447510057471265,269.90199082854406,1.4068287037037035e-08,2.813657407407407e-08,6.330729166666666e-08,5.6273148148148155e-09,1.4068287037037039e-09
6,276.5976500825563,277.03914005439003,3.9502504688767237,3.038194444444444e-08,0.7188800456487957,304.2695885173854,7.259837962962963e-09,1.4519675925925926e-08,3.266927083333333e-08,2.9039351851851852e-09,7.259837962962963e-10
6,277.36745138888887,277.88610416666666,3.556564236111111,1.6493055555555555e-08,0.6432095486111111,223.54245486111108,2.4739583333333334e-09,4.947916666666667e-09,1.11328125e-08,9.895833333333333e-10,2.473958333333333e-10
6,276.117453125,277.4654895833333,3.5478645833333333,2.806712962962963e-08,0.8056029513888889,163.63584375,3.0092592592592594e-09,6.018518518518519e-09,1.3541666666666667e-08,1.2037037037037037e-09,3.0092592592592593e-10
6,276.7135954861111,278.9012100694444,4.206895833333333,3.8773148148148154e-08,0.7910788194444445,244.89558680555555,1.744550636574074e-09,3.489101273148148e-09,7.850477864583333e-09,6.978202546296296e-10,1.744550636574074e-10
6,276.6778472222222,278.74828125,3.9961996527777774,4.890046296296296e-08,0.8125203125,210.78667881944443,8.789065393518519e-10,1.7578130787037038e-09,3.9550794270833336e-09,3.5156261574074075e-10,8.789065393518519e-11
6,277.29118576388885,280.1247986111111,3.746796875,6.655092592592593e-09,0.7448220486111111,338.4916788194445,1.4551987847222224e-09,2.9103975694444447e-09,6.54839453125e-09,5.82079513888889e-10,1.4551987847222224e-10
6,277.72986979166666,280.1347673611111,4.118088335275835,3.298611111111111e-08,0.7458642361111111,266.97870486111105,2.7126765046296297e-10,5.425353009259259e-10,1.2207044270833333e-09,1.0850706018518519e-10,2.7126765046296298e-11
6,276.3408559027778,278.60649131944444,4.5124375,7.378472222222222e-08,0.8436534722222222,214.3798402777778,2.1701388888888888e-10,4.3402777777777777e-10,9.765625000000002e-10,8.680555555555556e-11,2.170138888888889e-11
6,276.5600260416667,278.69337499999995,3.70758284298134,6.915509259259259e-08,0.8256894097222222,189.6048732638889,2.410300925925926e-11,4.820601851851852e-11,1.0846354166666667e-10,9.641203703703705e-12,2.410300925925926e-12
6,276.0657586805555,278.19364930555554,4.575217013888889,1.5219907407407407e-07,0.9070612847222222,153.601109375,1.5067505787037037e-10,3.0135011574074075e-10,6.780377604166667e-10,6.027002314814815e-11,1.5067505787037037e-11
6,276.1808072916666,278.953578125,4.875826967592593,3.327546296296296e-08,0.8665788194444444,251.11905902777775,3.1346412037037035e-10,6.269282407407407e-10,1.4105885416666667e-09,1.2538564814814814e-10,3.1346412037037035e-11
6,276.72367881944444,279.4081336805555,5.001769675925926,1.736111111111111e-09,0.8103305555555556,279.99516666666665,2.3509809027777776e-10,4.701961805555555e-10,1.05794140625e-09,9.40392361111111e-11,2.3509809027777776e-11
6,277.19853819444444,279.28377777777774,4.135605902777778,2.3148148148148148e-08,0.7525890625,212.0748003472222,0.0,0.0,0.0,0.0,0.0
6,277.906703125,279.52749652777777,4.21403125,2.3148148148148148e-09,0.7221067708333333,226.75331944444443,0.0,0.0,0.0,0.0,0.0
6,277.90033854166666,279.59489930555554,3.273909722222222,1.3888888888888889e-08,0.7279378472222222,236.6809548611111,9.403935185185186e-10,1.880787037037037e-09,4.231770833333333e-09,3.7615740740740737e-10,9.403935185185184e-11
7,277.76424999999995,279.5399635416667,3.724798611111111,6.655092592592593e-08,0.7803605902777778,200.9232170138889,6.371527777777778e-09,1.2743055555555556e-08,2.8671874999999997e-08,2.548611111111111e-09,6.371527777777777e-10
7,277.45799131944443,278.2994131944444,4.631633680555556,6.336805555555556e-08,0.7243062499999999,178.3031875,1.4375e-08,2.875e-08,6.468749999999999e-08,5.75e-09,1.4375e-09
7,277.89140625,279.610921875,4.130472222222222,4.658564814814815e-08,0.7002784722222222,244.25062847222222,1.4890046296296295e-08,2.978009259259259e-08,6.700520833333332e-08,5.956018518518518e-09,1.4890046296296295e-09
7,279.7982256944444,281.11462673611106,3.6759756944444444,5.121527777777778e-08,0.6316052083333333,289.13805034722225,1.3920717592592593e-08,2.7841435185185186e-08,6.264322916666667e-08,5.568287037037037e-09,1.3920717592592593e-09
7,279.1519583333333,281.7855399305555,3.8030937500000004,4.195601851851852e-08,0.7450921875000001,268.69380381944444,1.0613425925925927e-08,2.1226851851851854e-08,4.776041666666667e-08,4.2453703703703705e-09,1.0613425925925926e-09
7,279.60349479166666,281.7391927083333,4.105265625,8.912037037037037e-08,0.7629052083333333,249.31040625,7.8125e-09,1.5625e-08,3.515625e-08,3.1250000000000003e-09,7.812500000000001e-10
7,278.0173298611111,279.73451909722223,5.092277380952381,8.767361111111111e-08,0.8253649305555555,145.30760590277777,7.82986111111111e-09,1.565972222222222e-08,3.5234375e-08,3.1319444444444445e-09,7.829861111111111e-10
7,276.7584131944444,277.9497239583333,4.322914930555555,7.320601851851852e-08,0.8679484375,171.46185590277778,1.779224537037037e-08,3.558449074074074e-08,8.006510416666667e-08,7.116898148148148e-09,1.779224537037037e-09
7,278.2631944444444,280.6350954861111,3.9920607638888885,8.391203703703704e-08,0.7558267361111111,268.89676041666667,7.858796296296296e-09,1.5717592592592592e-08,3.5364583333333334e-08,3.1435185185185182e-09,7.858796296296296e-10
7,277.5590052083333,279.7990190972222,4.566343750000001,8.680555555555555e-08,0.80688125,220.47327604166668,6.047453703703704e-09,1.2094907407407408e-08,2.7213541666666665e-08,2.4189814814814815e-09,6.047453703703704e-10
7,276.96173263888886,278.81672743055555,4.014841131602914,8.940972222222222e-08,0.7765550347222222,258.3773350694444,5.46875e-09,1.09375e-08,2.4609375e-08,2.1875e-09,5.46875e-10
7,279.09298437499996,280.2413472222222,3.800454861111111,3.84837962962963e-08,0.6872744791666667,328.84261979166666,4.140625e-09,8.28125e-09,1.86328125e-08,1.65625e-09,4.140625e-10
7,279.0089670138889,280.45840104166666,4.29503125,4.4270833333333335e-08,0.6712578124999999,275.84225347222224,5.40798611111111e-09,1.081597222222222e-08,2.43359375e-08,2.1631944444444445e-09,5.407986111111111e-10
7,278.6549079861111,279.16924131944444,4.259574968434343,3.9062499999999997e-08,0.6621185763888888,292.5976684027778,6.047453703703703e-09,1.2094907407407406e-08,2.7213541666666665e-08,2.4189814814814815e-09,6.047453703703704e-10
7,279.63650520833335,281.3929739583333,3.1180086805555556,1.4467592592592592e-09,0.6711131944444444,274.24089062499996,5.899884259259259e-09,1.1799768518518518e-08,2.6549479166666665e-08,2.3599537037037035e-09,5.899884259259259e-10
7,280.39510937499995,282.3303489583333,3.4844878472222223,1.244212962962963e-08,0.6582723958333333,327.81471527777774,5.633680555555556e-09,1.1267361111111112e-08,2.53515625e-08,2.2534722222222224e-09,5.633680555555556e-10
7,280.26014930555556,282.1742621527777,4.436552083333334,3.790509259259259e-08,0.6982355902777777,234.86565277777777,6.166087962962964e-09,1.2332175925925927e-08,2.7747395833333335e-08,2.4664351851851854e-09,6.166087962962964e-10
7,278.5098645833333,280.0916493055555,4.710435229700855,1.3657407407407408e-07,0.8117331597222222,180.21719618055556,2.5810185185185186e-09,5.162037037037037e-09,1.1614583333333334e-08,1.0324074074074075e-09,2.581018518518519e-10
7,279.9555833333333,282.31854861111105,5.136651041666667,5.5555555555555555e-08,0.7324715277777778,310.723703125,1.2929204282407407e-09,2.5858408564814813e-09,5.8181419270833335e-09,5.171681712962963e-10,1.2929204282407409e-10
7,280.3138663194444,283.20883506944443,4.360829861111111,4.369212962962963e-08,0.7515145833333333,283.9701059027778,4.2799942129629627e-10,8.559988425925925e-10,1.925997395833333e-09,1.711997685185185e-10,4.279994212962963e-11
7,279.0361423611111,281.1763854166666,4.964335069444445,1.2528935185185186e-07,0.8568699652777778,165.84893749999998,1.3577838541666666e-09,2.715567708333333e-09,6.11002734375e-09,5.431135416666666e-10,1.3577838541666666e-10
7,279.1671736111111,282.0039253472222,4.334670138888889,7.349537037037037e-08,0.7684541666666667,252.5159565972222,3.0555555555555555e-09,6.111111111111111e-09,1.375e-08,1.2222222222222223e-09,3.0555555555555557e-10
7,278.02804513888884,280.3106423611111,4.910736795774648,6.973379629629629e-08,0.8119803819444444,213.7323263888889,4.525462962962963e-09,9.050925925925926e-09,2.0364583333333332e-08,1.8101851851851854e-09,4.5254629629629634e-10
7,278.3254166666666,281.040375,3.717173611111111,2.2569444444444445e-08,0.7720739583333334,242.83120833333334,4.7916666666666666e-09,9.583333333333333e-09,2.15625e-08,1.9166666666666665e-09,4.791666666666666e-10
7,280.02903645833334,282.93259722222217,4.504112847222222,3.472222222222222e-08,0.7129527777777778,312.69393055555554,8.428819444444445e-09,1.685763888888889e-08,3.79296875e-08,3.371527777777778e-09,8.428819444444445e-10
7,279.28484201388886,281.06727777777775,4.922111111111111,3.7037037037037036e-08,0.7171269097222223,234.31662673611112,7.905092592592593e-09,1.5810185185185185e-08,3.557291666666666e-08,3.162037037037037e-09,7.905092592592592e-10
7,279.77583854166664,281.6957934027778,4.450762152777778,1.707175925925926e-08,0.7606057291666666,233.62042881944444,5.2633101851851855e-09,1.0526620370370371e-08,2.3684895833333334e-08,2.1053240740740743e-09,5.263310185185186e-10
7,280.66498437499996,282.4507638888889,4.902975694444445,1.244212962962963e-08,0.7065027777777778,282.6394652777778,5.448495370370371e-09,1.0896990740740741e-08,2.4518229166666668e-08,2.179398148148148e-09,5.44849537037037e-10
7,281.2549131944444,284.05990451388885,4.560868055555556,8.680555555555556e-10,0.6583534722222222,344.32065625,4.224537037037038e-09,8.449074074074076e-09,1.9010416666666668e-08,1.689814814814815e-09,4.2245370370370374e-10
7,281.88074826388885,283.8945486111111,3.581809027777778,2.8935185185185185e-10,0.6265430555555556,306.57620833333334,1.7881944444444445e-09,3.576388888888889e-09,8.046874999999999e-09,7.152777777777778e-10,1.7881944444444445e-10
7,281.51788715277775,282.9092621527777,3.677763888888889,7.552083333333333e-08,0.6284069444444444,277.6924461805555,3.399884259259259e-09,6.799768518518518e-09,1.5299479166666667e-08,1.3599537037037037e-09,3.399884259259259e-10
8,279.4033506944444,281.33632465277776,4.188097197940948,3.096064814814815e-08,0.749615798611111,232.82505208333333,6.880787037037037e-09,1.3761574074074074e-08,3.0963541666666666e-08,2.7523148148148146e-09,6.880787037037036e-10
8,279.7115486111111,282.5054895833333,3.906078125,2.2569444444444445e-08,0.7703388888888889,282.4185746527778,7.1875e-09,1.4375e-08,3.2343749999999995e-08,2.8749999999999997e-09,7.187499999999999e-10
8,279.40389756944444,281.60238715277774,4.208767361111111,3.2118055555555554e-08,0.806365625,229.41134201388888,6.779513888888889e-09,1.3559027777777778e-08,3.05078125e-08,2.7118055555555557e-09,6.779513888888889e-10
8,280.0835763888889,283.06831944444446,3.8775347222222223,4.3113425925925924e-08,0.7675993055555557,286.63519097222223,5.9114583333333335e-09,1.1822916666666667e-08,2.6601562500000003e-08,2.3645833333333334e-09,5.911458333333334e-10
8,280.9774479166666,283.43486631944444,3.4910659722222217,2.2569444444444445e-08,0.7249758680555556,288.690234375,2.8443287037037035e-09,5.688657407407407e-09,1.2799479166666666e-08,1.1377314814814814e-09,2.8443287037037036e-10
8,279.5300486111111,281.2907309027778,3.3293437499999996,7.407407407407407e-08,0.7804345486111111,187.89615798611112,5.517939814814815e-09,1.103587962962963e-08,2.4830729166666665e-08,2.207175925925926e-09,5.517939814814815e-10
8,279.66165451388883,281.9778315972222,4.9852309027777775,1.3020833333333333e-08,0.7339819444444444,253.53403993055556,1.2850115740740741e-08,2.5700231481481482e-08,5.782552083333333e-08,5.140046296296296e-09,1.285011574074074e-09
8,279.4661961805555,281.6665625,4.662888888888888,2.170138888888889e-08,0.6883204861111112,270.5032361111111,1.7190393518518518e-08,3.4380787037037035e-08,7.735677083333332e-08,6.876157407407407e-09,1.7190393518518517e-09
8,279.9724635416667,282.4063645833333,4.339100694444444,2.8935185185185185e-10,0.6380135416666666,306.7919930555555,1.6472800925925924e-08,3.294560185185185e-08,7.412760416666666e-08,6.58912037037037e-09,1.6472800925925926e-09
8,279.3804097222222,281.4298663194444,3.697295138888889,3.96412037037037e-08,0.6925590277777779,263.15985416666666,1.4366319444444446e-08,2.8732638888888892e-08,6.46484375e-08,5.746527777777778e-09,1.4366319444444445e-09
8,278.5030729166666,281.18944791666667,4.248279513888889,1.3483796296296299e-07,0.8151010416666666,208.37059722222222,1.197337962962963e-08,2.394675925925926e-08,5.3880208333333336e-08,4.789351851851852e-09,1.197337962962963e-09
8,278.2747899305555,281.2829947916666,3.5406549320762366,5.815972222222223e-08,0.7979135416666667,228.4353038194444,1.037326388888889e-08,2.074652777777778e-08,4.6679687499999996e-08,4.149305555555555e-09,1.0373263888888888e-09
8,278.9287986111111,281.55628819444445,4.207646276595744,2.7777777777777777e-08,0.7457512152777778,260.0674375,1.0396412037037037e-08,2.0792824074074073e-08,4.678385416666666e-08,4.158564814814814e-09,1.0396412037037036e-09
8,279.1765486111111,280.9245347222222,4.109763888888889,5.7581018518518515e-08,0.7568857638888888,216.81216493055553,1.3917824074074073e-08,2.7835648148148146e-08,6.263020833333332e-08,5.56712962962963e-09,1.3917824074074074e-09
8,280.8172256944444,283.2299635416666,3.8989340277777775,2.170138888888889e-08,0.7392227430555556,261.430953125,1.5005787037037036e-08,3.001157407407407e-08,6.752604166666666e-08,6.002314814814815e-09,1.5005787037037037e-09
8,280.10263888888886,282.18096006944444,4.431401041666667,4.311342592592593e-08,0.7714572916666667,201.70644444444443,1.4299768518518519e-08,2.8599537037037038e-08,6.434895833333332e-08,5.719907407407407e-09,1.4299768518518517e-09
8,281.0132239583333,283.6091163194444,4.152994791666666,8.680555555555557e-09,0.7432557291666666,252.0337309027778,1.441550925925926e-08,2.883101851851852e-08,6.486979166666666e-08,5.766203703703703e-09,1.4415509259259259e-09
8,280.8160833333333,283.74918749999995,3.6141024305555556,9.172453703703704e-08,0.8276352430555556,231.96179513888887,1.2676504629629629e-08,2.5353009259259257e-08,5.704427083333333e-08,5.0706018518518514e-09,1.2676504629629629e-09
8,279.3065225694444,281.0793107638889,4.105855902777778,9.172453703703704e-08,0.8923640625,135.7164965277778,1.131076388888889e-08,2.262152777777778e-08,5.08984375e-08,4.524305555555556e-09,1.131076388888889e-09
8,278.59100868055555,281.43944444444446,4.24684375,2.1990740740740743e-08,0.9145510416666667,167.61895833333332,1.4936342592592593e-08,2.9872685185185186e-08,6.721354166666668e-08,5.974537037037038e-09,1.4936342592592594e-09
8,278.4047934027777,280.78695138888884,5.302961805555555,1.2528935185185186e-07,0.8817539930555556,178.2260486111111,1.599826388888889e-08,3.199652777777778e-08,7.19921875e-08,6.399305555555556e-09,1.599826388888889e-09
8,278.6896579861111,281.23095486111106,3.9373836805555555,3.3275462962962965e-08,0.85283125,196.87285590277776,1.3463541666666666e-08,2.6927083333333333e-08,6.05859375e-08,5.3854166666666665e-09,1.3463541666666666e-09
8,279.1746302083333,281.3458142361111,3.903314236111111,7.928240740740742e-08,0.8378673611111112,180.94068055555556,1.525462962962963e-08,3.050925925925926e-08,6.864583333333335e-08,6.101851851851853e-09,1.5254629629629632e-09
8,277.96425,279.9885850694444,3.0353975694444446,8.449074074074074e-08,0.8771489583333334,132.95478993055553,1.7025462962962962e-08,3.4050925925925924e-08,7.661458333333334e-08,6.810185185185186e-09,1.7025462962962965e-09
8,277.65662152777776,280.41365277777777,3.7056215277777778,6.018518518518519e-08,0.8946796875,174.71614756944444,1.3211805555555556e-08,2.6423611111111113e-08,5.9453125e-08,5.284722222222223e-09,1.3211805555555557e-09
8,277.69883159722224,280.544828125,4.180935763888889,4.253472222222222e-08,0.8912519097222222,172.43539409722223,1.2291666666666668e-08,2.4583333333333335e-08,5.53125e-08,4.916666666666667e-09,1.2291666666666667e-09
8,278.1180763888889,281.04297916666667,3.861614583333333,4.340277777777778e-08,0.8731583333333334,212.73363020833332,1.2294560185185184e-08,2.458912037037037e-08,5.5325520833333335e-08,4.917824074074074e-09,1.2294560185185186e-09
8,278.3463472222222,281.14137326388885,3.4162881944444443,7.494212962962963e-08,0.8616635416666667,188.70254166666666,1.2861689814814815e-08,2.572337962962963e-08,5.7877604166666666e-08,5.144675925925926e-09,1.2861689814814814e-09
8,277.4028402777778,279.9326788194444,5.070567708333334,7.146990740740741e-08,0.884343923611111,161.71175694444446,1.2355324074074075e-08,2.471064814814815e-08,5.5598958333333326e-08,4.94212962962963e-09,1.2355324074074075e-09
8,276.25963194444444,278.20168576388886,3.849121527777778,6.973379629629629e-08,0.8565807291666667,137.55055555555555,1.4253472222222222e-08,2.8506944444444445e-08,6.4140625e-08,5.701388888888889e-09,1.4253472222222222e-09
8,277.0433020833333,279.2866336805555,3.4829565972222225,3.84837962962963e-08,0.8028456597222222,226.31371875,1.4849537037037037e-08,2.9699074074074074e-08,6.682291666666668e-08,5.939814814814816e-09,1.484953703703704e-09
9,276.2579253472222,278.72932986111107,4.2033628472222215,7.002314814814815e-08,0.8225560763888888,200.78974305555556,1.5633680555555553e-08,3.1267361111111106e-08,7.03515625e-08,6.253472222222223e-09,1.5633680555555557e-09
9,275.55642187499996,277.9690920138889,3.406237847222222,3.5300925925925926e-08,0.8897385416666667,153.57451041666667,1.341724537037037e-08,2.683449074074074e-08,6.037760416666666e-08,5.3668981481481486e-09,1.3417245370370371e-09
9,276.98101736111107,279.23315625,3.5874791666666663,1.3020833333333333e-08,0.7311553819444445,210.00506423611108,3.333043981481481e-08,6.666087962962962e-08,1.4998697916666666e-07,1.3332175925925926e-08,3.3330439814814816e-09
9,275.3422517361111,277.25898437499995,4.007621527777777,4.369212962962963e-08,0.8536743055555556,164.689203125,8.514467592592591e-08,1.7028935185185182e-07,3.8315104166666666e-07,3.405787037037037e-08,8.514467592592592e-09
9,273.2076041666666,275.54817013888885,4.062774305555555,1.5625e-08,0.8772022569444444,188.86110243055555,7.096643518518519e-08,1.4193287037037038e-07,3.193489583333333e-07,2.8386574074074075e-08,7.096643518518519e-09
9,275.1233159722222,275.7613645833333,3.5195659115190363,6.944444444444444e-09,0.6398083333333333,235.42854166666666,4.092881944444444e-08,8.185763888888888e-08,1.8417968749999998e-07,1.6371527777777777e-08,4.092881944444444e-09
9,275.9735729166666,276.3702517361111,3.9702968750000003,3.993055555555556e-08,0.6703052083333334,205.62718229166668,1.6733217592592593e-08,3.3466435185185185e-08,7.529947916666666e-08,6.693287037037036e-09,1.673321759259259e-09
9,275.400390625,276.37914930555553,2.820501736111111,4.4560185185185185e-08,0.7896013888888889,145.13627256944446,1.1637731481481481e-08,2.3275462962962962e-08,5.2369791666666666e-08,4.6550925925925925e-09,1.1637731481481481e-09
9,273.10541666666666,274.90646701388886,3.101670138888889,4.456018518518519e-08,0.8908362847222222,226.82469618055555,2.1374421296296296e-08,4.274884259259259e-08,9.618489583333333e-08,8.549768518518517e-09,2.1374421296296293e-09
9,274.9227569444444,276.0991649305555,4.107055555555556,5.497685185185186e-09,0.7591572916666667,242.96711458333334,1.3096064814814814e-08,2.6192129629629628e-08,5.893229166666666e-08,5.238425925925925e-09,1.3096064814814813e-09
9,275.7293194444444,277.2981493055555,4.181001736111111,1.0127314814814814e-08,0.7457251736111111,245.12126215277777,1.3177083333333333e-08,2.6354166666666667e-08,5.9296875e-08,5.270833333333333e-09,1.3177083333333333e-09
9,274.2891458333333,276.11519618055553,3.9201312875375374,3.674768518518519e-08,0.8183803819444445,214.29740972222223,1.320601851851852e-08,2.641203703703704e-08,5.9427083333333336e-08,5.282407407407407e-09,1.3206018518518518e-09
9,273.40814583333326,276.13721006944445,3.9596953616352204,3.414351851851852e-08,0.8926126736111111,188.4768784722222,2.5167824074074074e-08,5.033564814814815e-08,1.1325520833333333e-07,1.006712962962963e-08,2.5167824074074074e-09
9,273.0337725694444,275.04834374999996,3.2383179125816994,5.4108796296296293e-08,0.8683633680555556,205.388078125,4.1924189814814814e-08,8.384837962962963e-08,1.8865885416666667e-07,1.6769675925925926e-08,4.192418981481482e-09
9,273.1597986111111,276.05456076388884,3.378665081521739,4.861111111111111e-08,0.8982763888888889,208.13449131944446,2.265335648148148e-08,4.530671296296296e-08,1.0194010416666665e-07,9.061342592592592e-09,2.265335648148148e-09
9,272.79838541666663,274.98817881944444,3.0141791666666666,5.4108796296296293e-08,0.9365508680555557,132.53256770833332,2.9053819444444446e-08,5.810763888888889e-08,1.3074218749999999e-07,1.1621527777777778e-08,2.9053819444444444e-09
9,272.30510416666664,274.0214184027777,3.2437633165445665,2.4594907407407405e-08,0.9521453125,120.52199131944445,2.1137152777777778e-08,4.2274305555555556e-08,9.51171875e-08,8.454861111111111e-09,2.1137152777777777e-09
9,272.5282083333333,274.31876215277777,2.4758184523809526,1.5335648148148146e-08,0.9326598958333333,122.67938541666666,3.486111111111111e-08,6.972222222222222e-08,1.5687499999999998e-07,1.3944444444444446e-08,3.4861111111111114e-09
9,271.7330069444444,272.9704010416666,4.127628250591016,3.269675925925926e-08,0.8755545138888889,186.23701215277777,6.674189814814816e-08,1.3348379629629631e-07,3.0033854166666665e-07,2.669675925925926e-08,6.674189814814815e-09
9,272.2393246527778,273.17601388888886,3.762779513888889,9.54861111111111e-09,0.6932305555555556,224.92227777777777,5.322627314814815e-08,1.064525462962963e-07,2.3951822916666665e-07,2.129050925925926e-08,5.322627314814815e-09
9,272.8546857638889,274.34066493055553,3.6446111111111112,4.0509259259259254e-09,0.6486053819444444,250.91871527777778,2.066261574074074e-08,4.132523148148148e-08,9.298177083333333e-08,8.265046296296297e-09,2.0662615740740742e-09
9,273.02427777777774,275.1428315972222,3.6048385985883424,4.6296296296296295e-09,0.6865864583333333,236.63171527777777,1.7647569444444443e-08,3.5295138888888886e-08,7.941406249999999e-08,7.0590277777777774e-09,1.7647569444444444e-09
9,273.89156944444443,275.5776805555555,3.6807350694444443,8.101851851851853e-09,0.7304993055555555,234.57516319444446,1.1371527777777777e-08,2.2743055555555554e-08,5.1171875e-08,4.548611111111111e-09,1.1371527777777778e-09
9,273.41425694444445,274.7435277777778,3.979392361111111,2.604166666666667e-09,0.8392993055555555,143.35160243055554,9.924768518518518e-09,1.9849537037037035e-08,4.466145833333333e-08,3.969907407407408e-09,9.92476851851852e-10
9,273.06181076388884,274.50080902777773,3.1141819274475524,4.0798611111111114e-08,0.8443194444444444,170.21830208333333,1.6180555555555554e-08,3.236111111111111e-08,7.28125e-08,6.4722222222222226e-09,1.6180555555555556e-09
9,272.5791145833333,274.3252569444444,3.7448211805555554,1.7361111111111113e-09,0.727932986111111,197.85283680555554,2.6912615740740742e-08,5.3825231481481484e-08,1.2110677083333334e-07,1.0765046296296296e-08,2.691261574074074e-09
9,272.174546875,273.87833854166666,3.6201493055555556,1.1284722222222223e-08,0.6398439236111111,260.6930451388889,2.8020833333333332e-08,5.6041666666666664e-08,1.2609374999999998e-07,1.1208333333333333e-08,2.802083333333333e-09
9,273.2394409722222,273.951359375,4.280928819444445,0.0,0.5105104166666667,226.6840920138889,1.4227430555555556e-08,2.8454861111111113e-08,6.40234375e-08,5.6909722222222226e-09,1.4227430555555556e-09
9,273.74489236111106,274.3584618055555,3.961272569444444,5.787037037037037e-10,0.5141982638888889,253.64837500000002,1.3706597222222223e-08,2.7413194444444445e-08,6.16796875e-08,5.482638888888889e-09,1.3706597222222223e-09
9,272.93822048611105,274.49946874999995,4.514616319444444,0.0,0.6322979166666667,211.18290624999997,1.2459490740740741e-08,2.4918981481481483e-08,5.606770833333333e-08,4.983796296296296e-09,1.245949074074074e-09
10,272.3678732638889,274.0707222222222,4.700904513888888,1.0127314814814814e-08,0.6672543402777777,206.68863715277777,2.3049768518518518e-08,4.6099537037037036e-08,1.0372395833333333e-07,9.219907407407407e-09,2.3049768518518517e-09
10,272.2363836805555,273.77732986111107,4.665763888888889,1.5335648148148146e-08,0.6877789930555556,204.82138020833332,4.9444444444444446e-08,9.888888888888889e-08,2.225e-07,1.977777777777778e-08,4.944444444444445e-09
10,271.44227430555554,273.15147916666666,4.901542275200459,1.3888888888888889e-08,0.7886262152777778,146.91540277777779,5.8041087962962953e-08,1.1608217592592591e-07,2.6118489583333334e-07,2.3216435185185183e-08,5.804108796296296e-09
10,271.35961979166666,272.4419270833333,4.872017592592593,2.0254629629629627e-09,0.6679758680555555,267.4353107638889,3.168981481481481e-08,6.337962962962963e-08,1.4260416666666667e-07,1.2675925925925927e-08,3.1689814814814816e-09
10,272.1231892361111,272.36090972222223,4.520998675847458,2.3148148148148148e-09,0.61196875,205.90538368055556,1.5613425925925926e-08,3.122685185185185e-08,7.026041666666666e-08,6.24537037037037e-09,1.5613425925925926e-09
10,271.3763784722222,272.38124479166663,4.095186860380117,6.365740740740741e-09,0.6578383680555555,164.20738194444442,1.5326967592592593e-08,3.0653935185185186e-08,6.897135416666667e-08,6.130787037037037e-09,1.5326967592592593e-09
10,270.7730850694444,271.9563958333333,4.307380443295739,2.3148148148148148e-09,0.5796140624999999,213.489015625,1.4823495370370371e-08,2.9646990740740742e-08,6.670572916666666e-08,5.929398148148148e-09,1.482349537037037e-09
10,269.67993055555553,271.5366354166666,4.607653143274854,1.3888888888888889e-08,0.7327800347222222,135.57361979166666,2.122974537037037e-08,4.245949074074074e-08,9.553385416666666e-08,8.491898148148148e-09,2.122974537037037e-09
10,267.81602604166665,271.22973784722217,3.9071458333333333,6.944444444444445e-09,0.7445128472222222,166.9915017361111,3.621817129629629e-08,7.243634259259259e-08,1.629817708333333e-07,1.448726851851852e-08,3.62181712962963e-09
10,268.41628993055554,270.82181076388883,4.051357638888889,2.8935185185185185e-10,0.7027953125,195.31783680555554,4.0439814814814815e-08,8.087962962962963e-08,1.8197916666666666e-07,1.6175925925925928e-08,4.043981481481482e-09
10,268.4535954861111,271.0693993055555,3.451665702160494,6.944444444444444e-09,0.7296069444444444,170.76952083333333,3.619212962962963e-08,7.238425925925926e-08,1.6286458333333334e-07,1.4476851851851853e-08,3.6192129629629633e-09
10,268.7757135416666,271.2595868055555,4.785129697712419,2.8935185185185185e-10,0.6149956597222223,235.4410138888889,3.313368055555556e-08,6.626736111111111e-08,1.491015625e-07,1.3253472222222223e-08,3.313368055555556e-09
10,268.74564756944443,271.1571545138889,3.6943315972222224,0.0,0.6324600694444444,163.62503125,3.311921296296296e-08,6.623842592592592e-08,1.4903645833333333e-07,1.3247685185185185e-08,3.311921296296296e-09
10,268.65921875,272.0665243055555,3.2981614583333334,4.0509259259259254e-09,0.6906565972222223,219.85407118055556,3.654513888888889e-08,7.309027777777777e-08,1.64453125e-07,1.4618055555555554e-08,3.6545138888888886e-09
10,268.6561284722222,271.9794548611111,4.332006944444444,2.893518518518518e-09,0.7424201388888889,193.75895833333334,3.438657407407407e-08,6.877314814814814e-08,1.5473958333333332e-07,1.375462962962963e-08,3.4386574074074075e-09
10,267.70428993055555,271.4859739583333,4.728109375,4.0509259259259254e-09,0.7595746527777778,187.2804565972222,5.0387731481481484e-08,1.0077546296296297e-07,2.2674479166666667e-07,2.0155092592592595e-08,5.038773148148149e-09
10,269.21484201388887,271.53651388888886,5.520522569444445,3.761574074074074e-09,0.57899375,219.6598246527778,8.118055555555556e-08,1.6236111111111112e-07,3.653125e-07,3.247222222222222e-08,8.118055555555556e-09
10,269.9854114583333,271.56000868055554,4.561034722222223,0.0,0.5239279513888888,197.0958107638889,7.113425925925926e-08,1.422685185185185e-07,3.2010416666666664e-07,2.8453703703703702e-08,7.1134259259259256e-09
10,269.89238888888883,271.77303819444444,3.9361944444444448,6.944444444444444e-09,0.5888032986111111,191.22861111111112,6.535767622461171e-08,1.3071535244922342e-07,2.941095430107526e-07,2.6143070489844683e-08,6.535767622461171e-09
10,269.0580954861111,271.5885451388889,3.918920138888889,0.0,0.6326607638888889,160.57643055555553,5.625709378733571e-08,1.1251418757467142e-07,2.531569220430107e-07,2.2502837514934285e-08,5.625709378733571e-09
10,266.56614275622604,271.8950781130268,3.446797174329502,1.4467592592592592e-09,0.8006992564655172,194.57620712404213,5.625709378733571e-08,1.1251418757467142e-07,2.531569220430107e-07,2.2502837514934285e-08,5.625709378733571e-09
10,267.11540104166664,271.5814756944444,3.685123263888889,3.18287037037037e-09,0.6720124999999999,174.9075295138889,5.625709378733571e-08,1.1251418757467142e-07,2.531569220430107e-07,2.2502837514934285e-08,5.625709378733571e-09
10,267.57528125,271.4744722222222,5.289118055555556,0.0,0.6375413194444444,177.37434722222224,5.625709378733571e-08,1.1251418757467142e-07,2.531569220430107e-07,2.2502837514934285e-08,5.625709378733571e-09
10,266.1582447916666,271.45559375,3.356848958333333,2.8935185185185185e-10,0.6986776041666667,129.07433333333333,5.625709378733571e-08,1.1251418757467142e-07,2.531569220430107e-07,2.2502837514934285e-08,5.625709378733571e-09
10,264.98364930555556,271.4232795138889,3.642654513888889,4.3402777777777775e-09,0.6751678819444444,154.74738020833334,5.625709378733571e-08,1.1251418757467142e-07,2.531569220430107e-07,2.2502837514934285e-08,5.625709378733571e-09
10,265.4814930555555,271.20156597222217,5.322254953379954,0.0,0.5232071180555555,191.58936979166668,5.625709378733571e-08,1.1251418757467142e-07,2.531569220430107e-07,2.2502837514934285e-08,5.625709378733571e-09
10,264.81135763888886,271.2129861111111,4.717276041666667,2.8935185185185185e-10,0.5304447916666667,163.40386458333333,5.625709378733571e-08,1.1251418757467142e-07,2.531569220430107e-07,2.2502837514934285e-08,5.625709378733571e-09
10,264.92184375,271.1445798611111,5.266515625,2.8935185185185185e-10,0.4558595486111111,170.39728645833333,5.625709378733571e-08,1.1251418757467142e-07,2.531569220430107e-07,2.2502837514934285e-08,5.625709378733571e-09
10,265.6929409722222,270.5508003472222,5.433182291666667,0.0,0.3231621527777778,141.62305381944444,5.625709378733571e-08,1.1251418757467142e-07,2.531569220430107e-07,2.2502837514934285e-08,5.625709378733571e-09
10,266.1107534722222,269.9549565972222,4.796482638888889,0.0,0.49247864583333334,133.06753125,5.625709378733571e-08,1.1251418757467142e-07,2.531569220430107e-07,2.2502837514934285e-08,5.625709378733571e-09
10,266.80651909722224,269.7973454861111,5.014022569444444,5.787037037037037e-10,0.49978836805555554,171.37501041666667,5.625709378733571e-08,1.1251418757467142e-07,2.531569220430107e-07,2.2502837514934285e-08,5.625709378733571e-09
11,267.42053993055555,269.95243229166664,5.164819444444444,0.0,0.4320425347222222,180.5351597222222,5.625709378733571e-08,1.1251418757467142e-07,2.531569220430107e-07,2.2502837514934285e-08,5.625709378733571e-09
11,267.98335416666663,269.7342517361111,3.9987239583333336,2.8935185185185185e-10,0.42228107638888884,187.45677083333334,5.625709378733571e-08,1.1251418757467142e-07,2.531569220430107e-07,2.2502837514934285e-08,5.625709378733571e-09
11,266.27031944444445,269.54874479166665,3.500029513888889,2.0254629629629627e-09,0.5233067708333333,167.30980381944443,5.625709378733571e-08,1.1251418757467142e-07,2.531569220430107e-07,2.2502837514934285e-08,5.625709378733571e-09
11,265.9986458333333,269.4386753472222,4.199934027777777,0.0,0.4959366319444445,180.90393229166665,5.625709378733571e-08,1.1251418757467142e-07,2.531569220430107e-07,2.2502837514934285e-08,5.625709378733571e-09
11,265.94441319444445,269.39351041666663,2.7650625,0.0,0.5606605902777777,162.66035416666665,5.625709378733571e-08,1.1251418757467142e-07,2.531569220430107e-07,2.2502837514934285e-08,5.625709378733571e-09
11,262.8243159722222,270.1085069444444,4.170126736111111,0.0,0.7629463541666667,122.68354513888889,5.625709378733571e-08,1.1251418757467142e-07,2.531569220430107e-07,2.2502837514934285e-08,5.625709378733571e-09
11,262.08811631944445,270.1938524305555,5.043144196428571,8.680555555555556e-10,0.5777053819444444,185.02989583333334,5.625709378733571e-08,1.1251418757467142e-07,2.531569220430107e-07,2.2502837514934285e-08,5.625709378733571e-09
11,264.15595138888887,269.6973506944444,4.878835069444445,2.8935185185185185e-10,0.4884645833333333,152.00278125,5.625709378733571e-08,1.1251418757467142e-07,2.531569220430107e-07,2.2502837514934285e-08,5.625709378733571e-09
11,263.5147395833333,269.38321874999997,6.350671875000001,2.8935185185185185e-10,0.5520897569444445,140.85569791666666,5.625709378733571e-08,1.1251418757467142e-07,2.531569220430107e-07,2.2502837514934285e-08,5.625709378733571e-09
11,263.49685416666665,268.1345503472222,6.0420590277777775,0.0,0.46261145833333334,183.8039826388889,5.625709378733571e-08,1.1251418757467142e-07,2.531569220430107e-07,2.2502837514934285e-08,5.625709378733571e-09
11,264.7338541666667,267.81144618055555,6.628057291666667,0.0,0.3356369791666667,167.95753819444445,5.625709378733571e-08,1.1251418757467142e-07,2.531569220430107e-07,2.2502837514934285e-08,5.625709378733571e-09
11,263.29646354166664,267.8129965277777,7.650394097222222,0.0,0.4246835069444444,159.9059201388889,5.625709378733571e-08,1.1251418757467142e-07,2.531569220430107e-07,2.2502837514934285e-08,5.625709378733571e-09
11,263.1048090277777,267.1889409722222,8.142435763888889,0.0,0.31437951388888885,173.92605381944443,5.625709378733571e-08,1.1251418757467142e-07,2.531569220430107e-07,2.2502837514934285e-08,5.625709378733571e-09
11,264.23505902777777,267.28118576388886,6.853402777777777,0.0,0.3334845486111111,162.78380208333334,5.625709378733571e-08,1.1251418757467142e-07,2.531569220430107e-07,2.2502837514934285e-08,5.625709378733571e-09
11,265.26185069444443,267.46054166666664,5.228489583333333,0.0,0.3887765625,169.84612847222223,5.625709378733571e-08,1.1251418757467142e-07,2.531569220430107e-07,2.2502837514934285e-08,5.625709378733571e-09
11,264.26242881944444,267.6777517361111,4.581480902777778,0.0,0.4997270833333333,128.90411458333332,5.625709378733571e-08,1.1251418757467142e-07,2.531569220430107e-07,2.2502837514934285e-08,5.625709378733571e-09
11,261.71962152777775,267.53724479166664,5.4255451388888885,0.0,0.4914243055555556,146.73130034722223,5.625709378733571e-08,1.1251418757467142e-07,2.531569220430107e-07,2.2502837514934285e-08,5.625709378733571e-09
11,261.45753125,266.80913715277774,6.952210069444444,0.0,0.3865711805555555,154.29626215277779,5.625709378733571e-08,1.1251418757467142e-07,2.531569220430107e-07,2.2502837514934285e-08,5.625709378733571e-09
11,260.8923888888889,265.8368298611111,6.159689163267289,0.0,0.4625706597222222,159.6579496527778,5.625709378733571e-08,1.1251418757467142e-07,2.531569220430107e-07,2.2502837514934285e-08,5.625709378733571e-09
11,261.3949340277777,266.0211753472222,6.913417755414312,0.0,0.4914949652777778,133.40814409722222,5.625709378733571e-08,1.1251418757467142e-07,2.531569220430107e-07,2.2502837514934285e-08,5.625709378733571e-09
11,261.30878819444445,265.05320138888885,6.126126736111111,0.0,0.34418732638888894,151.72549826388888,5.625709378733571e-08,1.1251418757467142e-07,2.531569220430107e-07,2.2502837514934285e-08,5.625709378733571e-09
11,261.38693923611106,264.3087777777778,5.5884479166666665,0.0,0.4256067708333333,148.0576875,5.625709378733571e-08,1.1251418757467142e-07,2.531569220430107e-07,2.2502837514934285e-08,5.625709378733571e-09
11,261.1682100694444,264.6736892361111,3.661216236888112,2.8935185185185185e-10,0.4948940972222222,149.15660069444445,5.625709378733571e-08,1.1251418757467142e-07,2.531569220430107e-07,2.2502837514934285e-08,5.625709378733571e-09
11,261.5884565972222,264.62961979166664,4.183051357323233,2.8935185185185185e-10,0.43169392361111114,159.79260416666668,5.4906940710872153e-08,1.0981388142174431e-07,2.470812331989247e-07,2.1962776284348862e-08,5.4906940710872155e-09
11,260.76109375,264.0228888888888,5.037883680555556,0.0,0.42252291666666664,137.3193576388889,5.089699074074074e-08,1.0179398148148148e-07,2.2903645833333333e-07,2.0358796296296296e-08,5.089699074074074e-09
11,262.11453124999997,262.85304340277776,4.812586805555555,0.0,0.36595850694444443,148.07471875,5.141203703703704e-08,1.0282407407407408e-07,2.3135416666666667e-07,2.0564814814814818e-08,5.1412037037037044e-09
11,262.8140034722222,263.07373090277775,5.362013888888889,0.0,0.40119791666666665,159.26033506944444,5.2994791666666667e-08,1.0598958333333333e-07,2.3847656249999997e-07,2.1197916666666667e-08,5.299479166666667e-09
11,263.46370138888886,263.1168940972222,4.265454861111111,0.0,0.4085477430555555,139.84294791666667,5.389467592592592e-08,1.0778935185185184e-07,2.425260416666666e-07,2.155787037037037e-08,5.389467592592592e-09
11,261.13247569444445,262.79560763888884,4.754236111111111,0.0,0.48854878472222224,150.63986979166665,5.248553240740741e-08,1.0497106481481482e-07,2.361848958333333e-07,2.0994212962962963e-08,5.248553240740741e-09
11,259.2322100694444,261.99229340277776,3.125186519607843,0.0,0.5592881944444444,137.59710069444446,5.177372685185185e-08,1.035474537037037e-07,2.3298177083333333e-07,2.0709490740740743e-08,5.177372685185186e-09
12,258.9007291666666,262.1358090277778,4.344932291666667,0.0,0.4964064236111111,158.6308888888889,5.460069444444444e-08,1.0920138888888889e-07,2.45703125e-07,2.1840277777777778e-08,5.4600694444444445e-09
12,259.27264930555555,262.5079982638889,5.2704201388888885,0.0,0.3763107638888889,133.79779687500002,5.655960648148148e-08,1.1311921296296296e-07,2.5451822916666666e-07,2.2623842592592592e-08,5.655960648148148e-09
12,258.95316493055554,261.9513489583333,7.396404513888888,0.0,0.34587899305555553,105.60936111111111,5.7404513888888886e-08,1.1480902777777777e-07,2.5832031249999997e-07,2.2961805555555554e-08,5.7404513888888886e-09
12,259.6983628472222,261.8835677083333,6.887699652777778,0.0,0.3031230902777778,135.7204704861111,5.733796296296296e-08,1.1467592592592592e-07,2.5802083333333333e-07,2.2935185185185185e-08,5.733796296296296e-09
12,259.85820397509576,261.8586114224138,6.081811458333333,0.0,0.35799581896551724,122.70304564176246,5.7129629629629627e-08,1.1425925925925925e-07,2.5708333333333334e-07,2.285185185185185e-08,5.712962962962963e-09
12,261.7006736111111,262.17158680555553,5.771961805555556,0.0,0.27578003472222223,148.50918402777776,5.792824074074074e-08,1.1585648148148148e-07,2.6067708333333333e-07,2.3171296296296295e-08,5.792824074074074e-09
12,261.8219756944444,262.04871875,5.346085069444444,0.0,0.28057899305555556,139.11335763888889,5.8388310185185185e-08,1.1677662037037037e-07,2.627473958333334e-07,2.3355324074074074e-08,5.8388310185185185e-09
12,261.8761319444444,262.72575520833334,5.706369791666667,0.0,0.3380256076388889,111.89198958333333,5.6539351851851854e-08,1.1307870370370371e-07,2.5442708333333334e-07,2.261574074074074e-08,5.653935185185185e-09
12,262.3557065972222,262.9458802083333,5.282269097222223,0.0,0.2704473958333333,140.44926041666668,5.534722222222223e-08,1.1069444444444446e-07,2.490625e-07,2.213888888888889e-08,5.5347222222222224e-09
12,262.31460590277777,262.42691493055554,3.740673611111111,0.0,0.30823125,137.90240732121748,5.795138888888889e-08,1.1590277777777777e-07,2.6078124999999996e-07,2.3180555555555557e-08,5.795138888888889e-09
12,262.82610763888886,262.5084079861111,3.645907986111111,0.0,0.3256744791666667,137.08080555555557,5.753472222222222e-08,1.1506944444444444e-07,2.5890625e-07,2.301388888888889e-08,5.753472222222222e-09
12,262.61254166666663,260.31668055555554,3.5621302083333335,0.0,0.402865625,135.36521527777776,5.908564814814815e-08,1.181712962962963e-07,2.6588541666666665e-07,2.363425925925926e-08,5.908564814814815e-09
12,261.93076562499994,261.03488020833333,5.305329861111111,0.0,0.5088083333333333,118.37263194444444,5.701388888888888e-08,1.1402777777777777e-07,2.565625e-07,2.2805555555555556e-08,5.701388888888889e-09
12,261.1243993055555,260.3019722222222,4.702973958333333,0.0,0.48940729166666674,130.3577795138889,5.531539351851852e-08,1.1063078703703705e-07,2.4891927083333333e-07,2.2126157407407405e-08,5.531539351851851e-09
12,258.6295972222222,258.8009704861111,5.663684027777778,0.0,0.46805434027777776,142.33265625,5.2442129629629625e-08,1.0488425925925925e-07,2.3598958333333333e-07,2.0976851851851852e-08,5.244212962962963e-09
12,259.1523923611111,258.5712256944444,5.54784548611111,0.0,0.3354586805555555,129.63707118055555,5.463831018518519e-08,1.0927662037037038e-07,2.458723958333333e-07,2.1855324074074074e-08,5.4638310185185184e-09
12,261.41531944444444,259.3134097222222,5.6411371527777785,0.0,0.22498871527777775,139.37725,5.383391203703704e-08,1.0766782407407408e-07,2.4225260416666666e-07,2.1533564814814814e-08,5.383391203703704e-09
12,262.0012048611111,259.3904583333333,5.579569444444445,0.0,0.2927869791666667,128.43824305555557,5.185763888888889e-08,1.0371527777777778e-07,2.3335937499999998e-07,2.0743055555555556e-08,5.185763888888889e-09
12,261.5716371527777,259.4985399305555,5.365475694444445,0.0,0.2665904513888889,129.14215972222223,5.167534722222222e-08,1.0335069444444445e-07,2.325390625e-07,2.067013888888889e-08,5.167534722222222e-09
12,262.12424305555555,259.9509895833333,5.657994791666667,0.0,0.28724809027777776,126.19861979166666,5.5002893518518526e-08,1.1000578703703705e-07,2.475130208333333e-07,2.200115740740741e-08,5.500289351851852e-09
12,260.2322256944444,260.08920486111106,5.835482638888889,0.0,0.4412980902777778,101.32850694444444,5.487557870370371e-08,1.0975115740740742e-07,2.4694010416666667e-07,2.1950231481481485e-08,5.487557870370371e-09
12,259.6804618055555,259.0684392361111,6.108189236111111,0.0,0.4070145833333334,116.18080381944445,5.37818287037037e-08,1.075636574074074e-07,2.420182291666666e-07,2.1512731481481482e-08,5.3781828703703704e-09
12,259.7023107638888,258.3043402777778,6.769743055555556,0.0,0.2680166666666667,122.61038888888888,5.453414351851851e-08,1.0906828703703702e-07,2.454036458333333e-07,2.1813657407407408e-08,5.453414351851852e-09
12,260.42688888888887,258.82063368055555,4.744703125,0.0,0.2545223958333333,101.50353125000001,5.701388888888888e-08,1.1402777777777777e-07,2.565625e-07,2.2805555555555556e-08,5.701388888888889e-09
12,258.5102152777778,259.2544097222222,5.160646683177934,0.0,0.4014093923611111,115.67410590277777,5.628761574074074e-08,1.1257523148148148e-07,2.532942708333333e-07,2.2515046296296295e-08,5.628761574074074e-09
12,257.2530798611111,258.1959739583333,6.467572916666667,0.0,0.31431927083333333,133.17752256944445,5.7459490740740744e-08,1.1491898148148149e-07,2.585677083333333e-07,2.2983796296296298e-08,5.745949074074074e-09
12,257.3648211805555,258.2665763888889,6.47878125,0.0,0.2894963541666667,135.73415624999998,5.826678240740741e-08,1.1653356481481481e-07,2.6220052083333334e-07,2.3306712962962964e-08,5.826678240740741e-09
12,257.2375659722222,258.31532465277775,4.889862847222222,0.0,0.4511258680555556,92.46486458333334,5.666087962962963e-08,1.1332175925925926e-07,2.549739583333333e-07,2.2664351851851853e-08,5.666087962962963e-09
12,256.03760416666665,257.63137326388886,5.534977430555555,0.0,0.5731651041666667,78.45282118055556,5.817418981481482e-08,1.1634837962962964e-07,2.6178385416666666e-07,2.326967592592593e-08,5.817418981481482e-09
12,257.4761111111111,257.6698003472222,6.896440972222222,0.0,0.2989935763888889,147.4486232638889,6.234664351851852e-08,1.2469328703703704e-07,2.805598958333333e-07,2.4938657407407405e-08,6.234664351851851e-09
